,product_id,brand
0,2,Prada
1,3,Maybelline New York
2,4,Treaclemoon
4,6,Makeup Revolution
5,7,Beauty of Joseon
6,8,Montblanc
7,10,Re'equil
8,12,SKIN COTTAGE
9,14,DAVIDOFF
10,18,Sirona
11,20,Ralph Lauren
12,21,PAC
13,22,Benefit Cosmetics
14,24,K18
15,25,Elizabeth Arden
16,28,Bioderma
17,29,The Derma Co
18,30,Palmer's
19,31,Vaseline
20,33,Cetaphil
21,34,Laura Mercier
22,35,Laneige
23,38,Forest Essentials
24,39,Narciso Rodriguez
25,40,Kayali
26,41,mCaffeine
27,42,Makeup Revolution
28,43,Plum
29,45,The Man Company
31,47,d'you
32,48,Cetaphil
33,51,Faces Canada
34,52,KIKO Milano
35,53,PIXI
36,54,Ajmal
37,55,Lakme
38,56,Yves Saint Laurent
39,57,Plum
40,58,Azzaro
42,60,Sheglam
43,61,The Ordinary
44,62,Anastasia Beverly Hills
45,63,The Body Shop
46,64,M.A.C
47,67,Minimalist
48,70,Bombae
49,72,Nails Our Way
50,73,Giorgio Armani
51,74,WishCare
52,75,Moroccanoil
53,76,Lancome
55,80,Soulflower
56,81,Sheglam
57,85,Forest Essentials
58,86,Moroccanoil
59,87,Montblanc
60,89,Plum
61,90,M.A.C
62,91,Bioderma
63,92,Calvin Klein
64,93,Insight Cosmetics
65,94,Re'equil
66,97,Calvin Klein
67,98,Foxtale
68,100,LoveChild Masaba
69,101,FENTY BEAUTY
70,102,Valentino
71,106,Plum
72,107,FENTY BEAUTY
73,108,Kayali
74,112,Anastasia Beverly Hills
75,113,Bioderma
76,115,Maybelline New York
78,120,Lakme
79,121,The Body Shop
80,123,Kimirica
81,125,Innisfree
82,129,Chambor
83,130,Colour Me
84,132,Laneige
85,133,Lakme
86,136,Lakme
87,137,Aravi Organic
88,139,Ajmal
89,140,Coach
90,142,Laneige
91,144,mCaffeine
92,147,Bella Vita
93,148,The Derma Co
95,151,Colorbar
96,152,Carolina Herrera
97,153,bareMinerals
98,155,Ajmal
99,157,Innisfree
100,158,KIKO Milano
101,159,Maybelline New York
102,161,Dove
103,162,Nuse
104,163,Calvin Klein
105,165,FAE BEAUTY
106,166,Lakme
107,168,Plum
108,172,Swiss Beauty
109,173,Kimirica
110,175,PAC
111,176,Re'equil
112,178,PIXI
113,180,Laneige
114,181,Boss
115,182,O3+
116,183,Estee Lauder
117,185,Lakme
118,186,M.A.C
119,187,Nails Our Way
120,190,Smashbox
121,191,EMBARK
122,192,O.P.I
123,193,Foxtale
124,194,Mercedes-Benz
125,195,bareMinerals
126,198,Laneige
127,199,Chopard
128,200,Lakme
129,201,Patchology
130,202,Treaclemoon
131,203,Plum
132,204,mCaffeine
133,205,Lakme
134,206,Valentino
135,207,Embryolisse
136,208,Sheglam
137,209,Dermalogica
138,210,M.A.C
141,219,Laneige
142,220,La Shield
143,221,Antonio Banderas
144,222,Maison Margiela
145,223,Schwarzkopf Professional
146,225,Axis-Y
147,226,PAC
148,227,Sheglam
149,229,The Ordinary
150,230,O3+
151,232,mCaffeine
152,233,Moroccanoil
153,234,Insight Cosmetics
154,236,The Body Shop
155,238,Patchology
156,239,First Aid Beauty
157,245,OUAI
158,247,Secret Temptation
159,248,Sheglam
160,249,Brillare
161,250,Maison Margiela
163,252,Beardo
164,253,Milk Shake
165,255,Mamaearth
166,256,Natio
167,259,Too Faced
168,261,Yves Saint Laurent
169,263,urban gabru
170,264,SKIN1004
171,265,OUAI
172,266,Smashbox
173,267,Anastasia Beverly Hills
174,268,Fixderma
175,269,mCaffeine
176,270,Re'equil
177,271,FENTY BEAUTY
178,272,bareMinerals
179,273,bareMinerals
180,274,Allies Of Skin
181,275,Plum
182,276,Foxtale
183,277,Bioderma
184,278,Kevin Murphy
185,279,Nuse
186,280,FENTY BEAUTY
187,281,Coach
188,282,The Derma Co
189,283,M.A.C
190,285,SKIN1004
191,286,Minimalist
192,287,Anastasia Beverly Hills
193,288,Dr. Sheth's
194,291,Maybelline New York
195,292,Nails Our Way
196,293,Laneige
197,295,Plum
198,297,Colorbar
199,299,bareMinerals
200,300,Huda Beauty
201,301,Brillare
202,302,The Body Shop
203,304,GUBB
204,305,Olay
205,306,Nails Our Way
206,308,Nails Our Way
208,311,SKIN COTTAGE
209,312,Makeup Revolution
210,314,Akind
211,316,Lakme
212,317,Swiss Beauty
213,318,Beardo
214,320,Bombay Shaving Company
215,321,Soulflower
216,322,Lancome
217,326,AND
218,327,SKIN COTTAGE
219,328,Nails Our Way
220,329,Laneige
221,331,Caudalie
222,332,Calvin Klein
223,333,M.A.C
224,334,Laneige
226,339,Dorall Collection
227,341,Laneige
228,342,DAVIDOFF
229,344,L'occitane
230,345,Dorall Collection
231,346,Dorall Collection
232,347,Ajmal
233,349,M.A.C
234,350,PIXI
235,351,Re'equil
236,352,Plum
237,355,Milk Shake
238,356,L'occitane
239,357,Max Care
240,358,Coach
241,359,LOVE beauty AND planet
242,361,Pilgrim
243,362,Jean Paul Gaultier
244,365,Tresemme
245,366,Cetaphil
246,368,Inde Wild
247,369,The Ordinary
248,370,La Shield
249,371,Cetaphil
250,372,Guess
251,374,Moroccanoil
252,376,ETUDE HOUSE
254,381,RENEE
255,382,Armaf
256,383,Foxtale
257,384,L'occitane
258,385,Laneige
259,387,Burberry
260,388,KIKO Milano
261,390,Maybelline New York
262,392,Nature Spell
263,394,LOVE beauty AND planet
264,395,Minimalist
265,396,SKIN COTTAGE
266,398,Bobbi Brown
267,400,Police
268,402,Nails Our Way
269,403,Treaclemoon
270,404,Too Faced
271,405,Akind
272,406,Police
273,408,Insight Cosmetics
275,412,Yves Saint Laurent
276,413,L'Oreal Paris
277,414,LOVE beauty AND planet
278,415,Kama Ayurveda
279,417,Salvatore Ferragamo
280,418,M.A.C
281,420,FENTY SKIN
282,421,Makeup Revolution
283,422,SKIN COTTAGE
284,423,Nuse
285,424,Foxtale
286,425,Nails Our Way
287,427,Ajmal
288,429,SKIN COTTAGE
289,430,Smashbox
290,431,Smashbox
291,432,M.A.C
292,433,PAC
293,434,Smashbox
294,435,Benefit Cosmetics
295,436,L'OREAL PROFESSIONNEL
296,437,L'Oreal Paris
297,439,Calvin Klein
298,440,Faces Canada
299,441,Paradyes
300,444,Maybelline New York
301,445,FENTY BEAUTY
302,446,Akind
303,447,The Face Shop
304,448,Treecell
305,450,Plum
306,451,Calvin Klein
307,452,Calvin Klein
308,453,Ajmal
309,456,Kevin Murphy
310,457,Kayali
311,458,M.A.C
312,459,David Beckham
313,461,The Body Shop
314,462,Laneige
315,463,O3+
316,464,Pears
317,465,Nails Our Way
318,466,Calvin Klein
319,470,Dream. Immerse. Play.
320,471,CLINIQUE
321,472,Dream. Immerse. Play.
322,473,Sirona
323,475,Kundal
324,478,Swiss Beauty
325,479,Schwarzkopf Professional
326,481,Faces Canada
327,482,Akind
328,485,Pilgrim
329,486,Cetaphil
330,489,Laneige
331,490,Mamaearth
333,492,Aravi Organic
334,493,Coach
335,495,Olaplex
336,496,Maybelline New York
337,497,Root Deep
340,501,Kylie Cosmetics
341,502,CLINIQUE
342,504,Nails Our Way
343,505,Smashbox
344,506,Nivea
345,507,The Ordinary
346,508,Beardo
347,512,Natio
348,513,Bombay Shaving Company
349,514,Kundal
350,515,Miss Claire
351,516,Dr. Sheth's
352,517,Treaclemoon
353,518,The Man Company
354,519,haruharu wonder
355,520,Kayali
356,521,K18
357,522,Insight Cosmetics
358,523,LetsShave
359,524,COSRX
360,526,Lakme
361,527,Smashbox
363,530,Insight Cosmetics
364,531,Dorall Collection
365,532,Dove
366,533,Huda Beauty
367,534,Maybelline New York
368,536,Nautica
369,537,Nivea
370,538,Hask
371,539,Plum
372,540,Fix My Curls
373,541,Caudalie
374,543,KIKO Milano
375,546,WishCare
376,547,Wild Stone
377,548,Playboy
378,550,Diesel
379,551,L'occitane
380,552,M.A.C
381,553,L'Oreal Paris
382,554,L'OREAL PROFESSIONNEL
383,555,Bioderma
384,556,Bronson Professional
386,558,Guess
387,559,Maybelline New York
388,560,Layer'r
390,562,Bioderma
391,563,PAC
392,564,Gucci
393,566,Episoft
394,569,Insight Cosmetics
395,570,I'm From
396,572,Fix My Curls
397,574,Maybelline New York
398,575,Kama Ayurveda
399,576,Rom&nd
401,578,M.A.C
402,579,COSRX
403,580,Ajmal
404,582,M.A.C
405,583,Forest Essentials
406,584,Kayali
407,585,Colorbar
408,587,AND
409,590,The Man Company
410,591,Bioderma
411,592,KIKO Milano
412,594,Smashbox
413,595,Lakme
414,597,Akind
415,599,Nexxus
416,601,FENTY BEAUTY
417,603,mCaffeine
418,604,Maison Margiela
419,605,Forest Essentials
420,606,L'occitane
421,607,Benefit Cosmetics
422,609,Bella Vita
423,610,Wella Professionals
424,611,Huda Beauty
425,612,PAC
426,614,PAC
427,615,Vega
428,617,TIRTIR
429,622,Philips
430,623,Makeup Revolution
431,624,Rom&nd
432,625,M.A.C
433,627,Mixsoon
434,628,Ajmal
435,629,Guess
436,630,Yves Saint Laurent
437,631,Makeup Revolution
438,633,Murshmallow
439,636,Rabanne
440,638,Jimmy Choo
442,640,Kimirica
443,641,FENTY BEAUTY
444,642,Dream. Immerse. Play.
445,643,FENTY SKIN
446,645,Treaclemoon
447,646,Dove
448,647,WishCare
449,648,Amazon Series
450,651,Nuse
451,652,Coach
452,654,bareMinerals
453,657,Laneige
454,658,Estee Lauder
455,661,Simple
456,662,M.A.C
457,663,Ajmal
458,664,Biore
460,667,mCaffeine
461,668,Boss
462,670,Lakme
463,672,Burberry
464,673,Nexxus
465,674,Sebamed
466,675,Pilgrim
467,676,L'occitane
468,677,SKIN1004
469,680,Insight Cosmetics
470,682,PAC
471,683,Burberry
472,684,M.A.C
473,685,PAC
474,686,Profusion Cosmetics
476,688,DAVIDOFF
477,691,Bioderma
478,693,Beauty of Joseon
479,694,Coach
481,698,Benefit Cosmetics
482,702,Wild Stone
483,703,Nails Our Way
484,704,CLINIQUE
485,707,M.A.C
486,708,PAC
487,710,Clarins
488,711,Colour Me
489,712,Simple
490,713,Lakme
493,716,I'm From
494,718,Maison Margiela
495,719,Diesel
496,720,Makeup Revolution
497,721,M.A.C
498,722,Cacharel
499,723,Lakme
500,724,Miss Claire
501,725,Nuse
502,727,Akind
503,728,DAVIDOFF
504,729,FENTY BEAUTY
505,730,CLINIQUE
506,732,THE LOVE CO.
507,736,Lakme
509,738,Nails Our Way
510,739,WishCare
511,740,Swiss Beauty
512,741,Nails Our Way
513,743,Nuse
514,744,Nuse
515,746,mCaffeine
516,747,L'OREAL PROFESSIONNEL
517,748,Gush Beauty
518,749,Wild Stone
519,752,Plum
522,764,Beardo
523,767,Swiss Beauty
524,768,PAC
525,769,Fix My Curls
526,771,FENTY BEAUTY
527,772,mCaffeine
528,773,Lakme
529,774,Tulips
530,775,Rom&nd
531,777,RENEE
533,779,Police
534,780,The Man Company
535,781,PAC
536,782,Lakme
537,783,Benefit Cosmetics
538,784,ETUDE HOUSE
539,785,Laneige
541,787,Laneige
542,789,Plum
543,790,Huda Beauty
544,791,Moroccanoil
545,792,bareMinerals
546,793,Ajmal
547,794,Sheglam
548,795,bareMinerals
549,796,ETUDE HOUSE
550,797,Burberry
551,798,Plum
553,800,Be Bodywise
554,801,PAC
555,802,L'occitane
556,803,Real Techniques
557,804,PAC
558,807,Streax Professional
559,808,SKIN COTTAGE
560,809,Nails Our Way
561,810,Bobbi Brown
562,811,mCaffeine
563,813,WishCare
564,814,Dove
565,815,Huda Beauty
566,816,LOVE beauty AND planet
567,817,Sheglam
568,820,Swiss Beauty
569,821,Matrix
570,822,Bioderma
571,823,The Derma Co
572,824,Plum
573,825,The Ordinary
574,826,Burberry
575,827,La Shield
576,828,Charmacy Milano
577,830,Minimalist
578,832,FENTY BEAUTY
579,833,Nails Our Way
580,834,bareMinerals
581,836,Insight Cosmetics
582,837,Daily Life Forever52
583,838,The Sass Bar
584,839,Nivea
585,843,Laneige
586,846,Innisfree
587,847,Rom&nd
588,848,Nails Our Way
589,849,Beardo
590,850,PAC
591,851,bareMinerals
592,852,Insight Cosmetics
593,853,Miss Claire
594,854,Anastasia Beverly Hills
595,855,Forest Essentials
596,856,Aqualogica
597,858,Bioderma
598,859,Moroccanoil
599,860,Bioderma
600,861,PAC
601,863,Neutrogena
602,864,Huda Beauty
603,865,Faces Canada
604,866,Vaseline
605,867,Dove
606,870,Too Faced
607,872,Aveeno
608,876,Nivea
609,878,PAC
610,879,Forest Essentials
611,880,Axis-Y
612,883,Ajmal
613,884,Ajmal
614,885,Philips
615,887,Plum
616,889,Plum
617,893,Maison Margiela
618,895,mCaffeine
619,896,Laneige
620,898,L'Oreal Paris
621,899,Smashbox
622,900,Calvin Klein
623,901,Natio
624,902,Insight Cosmetics
625,903,Beardo
626,904,Plum
627,906,Burberry
628,908,Charmacy Milano
629,909,Cetaphil
630,911,Laneige
631,912,Tabac
632,913,Sheglam
633,914,Laneige
634,916,Sheglam
635,917,Nails Our Way
636,918,Guy Laroche
637,921,Huda Beauty
638,922,Vaseline
639,923,Biolage
640,926,Kimirica
641,927,L'OREAL PROFESSIONNEL
642,928,Giovanni
643,929,mCaffeine
644,932,Real Techniques
645,934,The Man Company
646,936,Swiss Beauty
647,937,Streax Professional
648,939,Nails Our Way
649,940,Rom&nd
650,941,Laneige
651,942,Bioderma
652,943,s.Oliver
653,944,Foxtale
654,945,Nails Our Way
655,947,FENTY BEAUTY
656,948,ClayCo.
657,949,SP
658,950,Beardo
660,955,Pilgrim
661,956,Ajmal
662,957,3TENX
663,959,FENTY BEAUTY
664,960,Cetaphil
665,961,Prada
666,962,KIKO Milano
667,964,Colorbar
668,965,Laneige
669,967,Sheglam
670,970,Fix My Curls
671,972,Klairs
672,974,Cetaphil
673,976,Bioderma
674,978,David Beckham
675,979,PAC
676,982,Calvin Klein
677,984,PAC
678,986,Natio
679,988,KIKO Milano
680,989,Huda Beauty
681,990,CLINIQUE
682,991,Maybelline New York
683,993,PAC
684,995,Huda Beauty
685,996,Insight Cosmetics
686,997,Real Techniques
687,998,PAC
689,1000,Gucci
690,1003,Treaclemoon
691,1004,ETUDE HOUSE
692,1005,RENEE
693,1006,Bobbi Brown
694,1007,Treaclemoon
695,1008,Laneige
696,1009,Innisfree
697,1010,Sebamed
698,1011,Insight Cosmetics
699,1013,Embryolisse
700,1015,Giorgio Armani
701,1017,Nuse
702,1019,Brillare
703,1021,bareMinerals
704,1022,L'occitane
705,1023,Nails Our Way
706,1025,M.A.C
707,1026,Pilgrim
708,1028,Cetaphil
709,1029,Maybelline New York
710,1030,Dove
711,1033,Be Bodywise
712,1034,M.A.C
713,1035,ClayCo.
714,1040,M.A.C
715,1041,SKIN1004
716,1042,Pilgrim
717,1044,Aqualogica
718,1045,Nuse
720,1047,Sheglam
721,1048,Lakme
722,1050,RENEE
723,1051,EDW Essenza
724,1052,SKIN1004
725,1053,Tresemme
726,1054,COSRX
727,1058,Lakme
728,1060,Max Care
729,1062,KIRO
730,1066,Akind
731,1067,Beardo
732,1068,Rom&nd
733,1069,Ramsons
734,1071,Bioderma
735,1073,Schwarzkopf Professional
736,1074,Gucci
737,1075,Calvin Klein
738,1076,Milk Shake
739,1077,Park Avenue
740,1078,Soulflower
741,1079,Huda Beauty
742,1080,Maybelline New York
744,1082,Cetaphil
745,1083,Simply Nam
746,1084,Calvin Klein
747,1086,Dr. Sheth's
748,1087,Faces Canada
749,1088,Lador
750,1089,First Aid Beauty
751,1090,Fixderma
752,1091,Police
753,1092,Azzaro
754,1094,The Derma Co
755,1095,L'OREAL PROFESSIONNEL
756,1097,Foxtale
757,1098,Maison Margiela
758,1099,Dr. Sheth's
759,1101,Plum
761,1103,Benefit Cosmetics
763,1106,FENTY BEAUTY
764,1108,Kayali
765,1109,Plum
766,1110,Burberry
767,1112,Akind
768,1113,GK Hair
769,1114,Minimalist
770,1115,PAC
771,1116,Tulips
773,1119,Beauty of Joseon
774,1120,Dermalogica
775,1121,Huda Beauty
776,1122,L'Oreal Paris
777,1123,Clarins
778,1124,L'Oreal Paris
779,1125,Cacharel
780,1126,Akind
781,1130,Diesel
782,1133,SKIN1004
783,1135,Adidas
784,1136,Calvin Klein
785,1137,Beauty of Joseon
786,1139,Evaflor
787,1140,Re'equil
788,1142,Puraveda
789,1143,Faces Canada
790,1144,The Body Shop
791,1146,Re'equil
792,1147,mCaffeine
793,1148,Bombae
794,1149,Lakme
795,1150,Makeup Revolution
796,1152,WishCare
797,1153,Bronson Professional
798,1154,PAC
799,1159,Maybelline New York
800,1161,Sheglam
801,1162,SKIN COTTAGE
802,1163,Aqualogica
803,1164,mCaffeine
804,1166,Plum
805,1170,SKIN COTTAGE
806,1171,Jimmy Choo
807,1172,The Derma Co
808,1173,Bioderma
809,1175,Faces Canada
810,1176,Plum
811,1177,M.A.C
812,1179,Forest Essentials
813,1180,Bioderma
814,1181,FENTY BEAUTY
815,1182,SKIN1004
816,1183,Nails Our Way
817,1184,Plum
818,1185,K18
819,1186,WishCare
820,1187,Forest Essentials
821,1189,Sheglam
822,1191,Calvin Klein
823,1194,Giorgio Armani
824,1196,FENTY SKIN
825,1198,Ajmal
826,1200,Minimalist
828,1204,EDW Essenza
829,1205,Benefit Cosmetics
830,1206,Dermalogica
831,1207,Treaclemoon
832,1208,Faces Canada
833,1209,brwn. pro-melanin care
834,1211,Sheglam
835,1213,Yardley London
836,1214,Sheglam
837,1215,Ajmal
839,1217,L'Oreal Paris
840,1219,Maybelline New York
841,1220,Lakme
842,1223,Beauty of Joseon
843,1227,M.A.C
844,1228,Klairs
845,1229,Bioderma
846,1231,PAC
847,1234,Treaclemoon
848,1236,M.A.C
849,1238,RENEE
850,1240,Lakme
851,1241,The Ordinary
852,1242,Burberry
853,1243,RENEE
854,1244,Calvin Klein
855,1245,Akind
856,1247,Burberry
857,1248,Laneige
858,1249,Soulflower
859,1254,Akind
860,1256,FENTY SKIN
861,1257,M.A.C
862,1258,Prada
863,1261,Hugo Boss
864,1262,La Shield
865,1263,Faces Canada
866,1264,Benefit Cosmetics
867,1265,Fixderma
868,1266,Moroccanoil
869,1268,Bobbi Brown
870,1269,Daily Life Forever52
871,1271,Caudalie
872,1272,Calvin Klein
873,1273,Treaclemoon
874,1275,Rom&nd
875,1276,Cetaphil
876,1277,Aqualogica
877,1279,KIRO
878,1280,M.A.C
879,1281,Benefit Cosmetics
880,1282,Vaseline
881,1283,KIKO Milano
882,1285,Layer'r
883,1288,Swiss Beauty
884,1289,Police
885,1292,Nuse
886,1296,Nuse
887,1297,The Face Shop
888,1298,Plum
890,1302,Azzaro
891,1303,Nuse
892,1304,Huda Beauty
893,1306,Ajmal
894,1307,Re'equil
895,1308,Sheglam
896,1309,Schwarzkopf Professional
897,1311,Dove
898,1313,Ajmal
899,1315,Aqualogica
900,1316,Benefit Cosmetics
901,1317,PAC
902,1318,Swiss Beauty
905,1323,mCaffeine
906,1325,The Body Shop
907,1326,FENTY SKIN
908,1328,Beauty of Joseon
909,1329,Nuse
910,1333,Majestique
911,1334,FCL
913,1336,Adidas
914,1337,M.A.C
915,1340,Nails Our Way
916,1344,Colorbar
917,1345,Burberry
918,1346,Yves Saint Laurent
919,1348,LOVE beauty AND planet
921,1353,The Face Shop
922,1355,Be Bodywise
923,1356,Nuse
924,1357,Nivea
925,1360,Maison Margiela
926,1361,Lakme
927,1362,Aqualogica
928,1363,SP
929,1367,KIRO
930,1368,Nails Our Way
931,1369,Huda Beauty
932,1371,Plum
933,1372,Plum
934,1373,Sheglam
935,1374,bareMinerals
936,1375,Innisfree
937,1376,Moroccanoil
938,1377,Burberry
939,1378,Lakme
940,1379,Akind
941,1380,Lancome
942,1381,Plum
943,1382,COSRX
944,1383,Plum
946,1386,Pilgrim
947,1387,M.A.C
948,1388,Plum
950,1390,PAC
951,1394,Lakme
952,1396,Dove
953,1397,bareMinerals
954,1398,Deconstruct
955,1399,Prada
956,1401,mCaffeine
957,1402,Rom&nd
958,1405,Giorgio Armani
959,1406,Forest Essentials
960,1407,mCaffeine
961,1408,Plum
962,1410,KIKO Milano
963,1412,Maybelline New York
964,1415,Lakme
965,1418,SKIN COTTAGE
966,1419,Bioderma
967,1420,L'occitane
968,1421,PAC
970,1425,M.A.C
971,1426,Dermalogica
972,1427,Ralph Lauren
973,1428,Beardo
974,1430,Olaplex
975,1432,Huda Beauty
976,1433,Insight Cosmetics
977,1435,Nails Our Way
978,1437,RENEE
979,1438,Fixderma Cosmetic Laboratories
980,1440,Plum
981,1441,Kama Ayurveda
982,1444,Re'equil
983,1446,Kimirica
984,1448,Schwarzkopf
985,1450,FENTY BEAUTY
986,1451,SKIN COTTAGE
987,1452,Patchology
988,1453,Rom&nd
989,1454,Laura Mercier
990,1455,Swiss Beauty
991,1456,GUBB
992,1458,RENEE
993,1460,THE LOVE CO.
994,1461,Beauty of Joseon
995,1464,Dr. Sheth's
997,1468,Maybelline New York
998,1469,Natio
999,1471,mCaffeine
1001,1473,Nautica
1002,1476,Calvin Klein
1003,1477,LOVE beauty AND planet
1004,1479,FAE BEAUTY
1006,1482,RENEE
1007,1483,DAVIDOFF
1008,1485,Chopard
1009,1486,Burberry
1010,1487,Police
1011,1489,Armaf
1012,1490,Burberry
1013,1491,Sebamed
1014,1492,Be Bodywise
1015,1494,Sheglam
1016,1498,RENEE
1017,1499,Maybelline New York
1018,1501,Dove
1019,1503,Mamaearth
1020,1505,CLINIQUE
1021,1510,Ajmal
1022,1511,Plum
1023,1512,Too Faced
1024,1514,Max Care
1025,1517,Brillare
1026,1518,Ajmal
1027,1519,Bioderma
1028,1520,Boss
1029,1521,Dermalogica
1030,1522,Laneige
1031,1524,WishCare
1032,1525,Soulflower
1034,1528,OUAI
1035,1529,Fix My Curls
1036,1532,LOVE beauty AND planet
1037,1533,L'Oreal Paris
1038,1534,M.A.C
1039,1535,Valentino
1040,1537,Insight Cosmetics
1041,1538,PAC
1042,1539,Streax
1043,1540,Nuse
1044,1541,Cetaphil
1045,1542,Streax Professional
1046,1545,Gillette
1047,1546,Laneige
1048,1547,mCaffeine
1049,1548,Kayali
1050,1549,Huda Beauty
1051,1553,L'Oreal Paris
1052,1554,Colorbar
1053,1555,ETUDE HOUSE
1054,1557,Insight Cosmetics
1055,1558,Police
1056,1559,Sheglam
1057,1560,Nails Our Way
1058,1563,Colour Me
1059,1564,Colour Me
1060,1565,Ajmal
1061,1566,Lancome
1062,1567,Anastasia Beverly Hills
1063,1569,AND
1064,1570,Huda Beauty
1065,1572,M.A.C
1066,1573,The Face Shop
1067,1575,Maybelline New York
1068,1578,Dr. Sheth's
1069,1579,Plum
1070,1586,Bombay Shaving Company
1071,1588,Nivea
1072,1590,Swiss Beauty
1073,1591,Akind
1074,1592,M.A.C
1075,1593,Dream. Immerse. Play.
1076,1594,Natio
1077,1596,Anastasia Beverly Hills
1078,1597,ClayCo.
1079,1598,Nails Our Way
1080,1600,Nails Our Way
1081,1603,PAC
1082,1604,Bioderma
1083,1605,Rom&nd
1084,1607,Jimmy Choo
1085,1608,Dorall Collection
1086,1609,Dream. Immerse. Play.
1087,1611,M.A.C
1088,1612,M.A.C
1089,1615,Minimalist
1090,1618,Diesel
1091,1619,COSRX
1092,1620,Dove
1093,1621,AND
1094,1623,Lakme
1096,1627,Too Faced
1097,1629,Schwarzkopf Professional
1098,1630,M.A.C
1099,1632,WishCare
1100,1638,Bobbi Brown
1101,1640,Real Techniques
1102,1641,ClayCo.
1103,1644,Insight Cosmetics
1104,1646,Nivea
1105,1647,The Body Shop
1106,1648,Laneige
1107,1651,WishCare
1108,1652,Treecell
1109,1654,Jean Paul Gaultier
1110,1656,FENTY BEAUTY
1111,1660,L'Oreal Paris
1112,1661,Bronson Professional
1114,1665,Bioderma
1115,1667,Carolina Herrera
1116,1668,M.A.C
1117,1669,bareMinerals
1118,1673,Tangle Teezer
1119,1675,Calvin Klein
1121,1678,Sulwhasoo
1123,1681,COSRX
1124,1683,Minimalist
1125,1685,Dove
1126,1686,COSRX
1127,1689,bareMinerals
1128,1694,Jo Malone London
1129,1695,I'm From
1130,1697,Smashbox
1131,1698,Sachajuan
1132,1699,Kama Ayurveda
1133,1700,Nautica
1134,1702,Jean Paul Gaultier
1135,1705,mCaffeine
1136,1707,Maybelline New York
1137,1708,Lakme
1138,1712,Nails Our Way
1139,1713,Laneige
1140,1714,Patchology
1141,1715,Pilgrim
1142,1716,CLINIQUE
1143,1717,Minimalist
1144,1718,AND
1145,1720,Salvatore Ferragamo
1146,1721,Sachajuan
1147,1722,PIXI
1148,1724,CR7 Cristiano Ronaldo
1149,1725,Giorgio Armani
1150,1726,LOVE beauty AND planet
1151,1727,Wild Stone
1152,1729,Neutrogena
1154,1731,Anastasia Beverly Hills
1155,1732,Colour Me
1156,1733,bareMinerals
1157,1734,Moroccanoil
1158,1735,Too Faced
1160,1737,Bronson Professional
1161,1739,Wild Stone
1162,1742,Huda Beauty
1163,1743,Deconstruct
1164,1744,Treecell
1165,1745,Milk Shake
1166,1747,The Face Shop
1167,1748,SKIN1004
1168,1749,Aqualogica
1169,1750,Plum
1170,1751,Plum
1171,1752,Brillare
1172,1753,Insight Cosmetics
1173,1754,Lakme
1174,1755,Nuse
1175,1756,Maybelline New York
1176,1757,KIRO
1177,1758,ClayCo.
1178,1759,Laura Mercier
1179,1761,Be Bodywise
1180,1762,INGLOT
1181,1763,Brillare
1182,1764,Maybelline New York
1183,1765,Makeup Revolution
1184,1766,Plum
1185,1767,Jean Paul Gaultier
1186,1769,Nails Our Way
1187,1770,Beauty of Joseon
1188,1772,Beauty of Joseon
1189,1773,Plum
1190,1774,Re'equil
1191,1777,PAC
1193,1780,Minimalist
1194,1781,Beardo
1195,1782,Natio
1196,1783,Foxtale
1197,1784,Burberry
1198,1787,Calvin Klein
1199,1788,Too Faced
1201,1790,Ramsons
1202,1792,Lakme
1203,1796,mCaffeine
1205,1799,Jimmy Choo
1206,1800,SUGAR Cosmetics
1207,1804,Boss
1208,1805,Shiseido
1209,1806,Laura Mercier
1210,1807,Beardo
1211,1808,Dove
1212,1811,mCaffeine
1213,1812,Huda Beauty
1214,1815,Swiss Beauty
1215,1816,Minimalist
1216,1818,Rom&nd
1217,1819,Aveeno
1218,1820,M.A.C
1219,1822,The Body Shop
1220,1824,KIKO Milano
1221,1828,Akind
1222,1829,FENTY BEAUTY
1223,1830,Nails Our Way
1224,1831,Beardo
1225,1833,Police
1226,1834,Minimalist
1227,1835,Minimalist
1228,1836,Huda Beauty
1229,1837,Treaclemoon
1230,1842,Burberry
1231,1843,Lakme
1232,1844,David Beckham
1233,1846,PAC
1234,1850,PAC
1235,1852,L'Oreal Paris
1236,1853,Rom&nd
1237,1854,Nuse
1238,1859,Diesel
1239,1860,OUAI
1240,1864,PAC
1241,1866,Neutrogena
1242,1869,Maybelline New York
1243,1870,Engage
1244,1872,Prada
1245,1873,Minimalist
1246,1874,Swiss Beauty
1247,1875,Police
1248,1878,Yardley London
1249,1879,FENTY BEAUTY
1250,1881,The Face Shop
1251,1882,Caudalie
1252,1883,Beardo
1253,1885,Nautica
1254,1888,The Derma Co
1255,1889,Boss
1256,1891,Bigen
1257,1892,Profusion Cosmetics
1258,1893,Kayali
1259,1896,Smashbox
1260,1899,Bobbi Brown
1261,1900,Calvin Klein
1262,1901,mCaffeine
1263,1903,Chambor
1264,1904,Anastasia Beverly Hills
1265,1906,Patchology
1266,1907,Kimirica
1267,1909,Sheglam
1268,1912,Nuse
1269,1913,SKIN COTTAGE
1270,1914,Soulflower
1271,1915,TIRTIR
1272,1916,L'Oreal Paris
1273,1917,Plum
1274,1918,Anastasia Beverly Hills
1275,1923,Insight Cosmetics
1276,1924,Kayali
1277,1925,Plum
1278,1926,Laneige
1279,1927,Dermalogica
1280,1929,The Face Shop
1281,1930,TIRTIR
1282,1932,bareMinerals
1283,1933,Coach
1285,1935,Olaplex
1286,1936,Bigen
1287,1938,Dr. Sheth's
1288,1939,Be Bodywise
1289,1940,Laneige
1290,1941,Ajmal
1291,1942,PAC
1292,1943,WishCare
1293,1945,LOVE beauty AND planet
1294,1951,bareMinerals
1295,1952,Olaplex
1296,1953,Patchology
1297,1954,Insight Cosmetics
1299,1956,Lakme
1300,1957,Nuse
1301,1958,Estee Lauder
1302,1960,Sebamed
1303,1962,Kundal
1304,1964,Plum
1305,1966,L'occitane
1306,1968,Secret Temptation
1307,1969,bareMinerals
1308,1970,Nails Our Way
1309,1971,Nuse
1310,1972,Jaguar
1311,1973,Huda Beauty
1312,1975,Real Techniques
1313,1976,Kama Ayurveda
1314,1978,Dream. Immerse. Play.
1315,1979,Pilgrim
1316,1980,Gatsby
1317,1981,RENEE
1318,1982,The Derma Co
1319,1983,PAC
1320,1985,Nautica
1321,1986,CLINIQUE
1322,1988,Makeup Revolution
1323,1989,BBlunt
1324,1992,SKIN1004
1325,1993,KIKO Milano
1326,1994,Huda Beauty
1327,1995,Augustinus Bader
1328,1996,Laneige
1329,1997,Milk Shake
1330,1998,Yves Saint Laurent
1331,1999,Plum
1332,2000,Treaclemoon
1333,2001,ETUDE HOUSE
1334,2002,OGX
1335,2003,Gucci
1337,2010,Plum
1338,2011,bareMinerals
1339,2013,Kimirica
1340,2015,Sheglam
1341,2018,Makeup Revolution
1342,2019,Laneige
1343,2020,Lakme
1344,2022,Lakme
1345,2023,Laneige
1346,2024,Barcode Professional
1347,2025,Forest Essentials
1348,2026,PAC
1349,2027,Pilgrim
1350,2029,OGX
1351,2030,Pilgrim
1352,2032,Lakme
1353,2033,Vaseline
1354,2034,Tresemme
1356,2037,Nuse
1357,2038,Moroccanoil
1358,2039,GK Hair
1359,2041,Patchology
1360,2042,Pilgrim
1361,2043,Real Techniques
1362,2045,PAC
1363,2046,mCaffeine
1364,2047,Insight Cosmetics
1365,2048,Chloe
1366,2049,KIKO Milano
1367,2052,Nuse
1368,2054,The Body Shop
1370,2058,BBlunt
1371,2059,LOVE beauty AND planet
1372,2061,RENEE
1373,2062,Lakme
1374,2067,Ajmal
1375,2068,L.A. Girl
1376,2069,bareMinerals
1377,2070,Sachajuan
1378,2071,Nivea
1379,2073,OGX
1380,2074,Inde Wild
1381,2075,Maybelline New York
1382,2076,Bobbi Brown
1383,2077,O3+
1384,2078,Laneige
1385,2079,Bioderma
1386,2082,Miss Claire
1387,2083,Plum
1388,2084,The Body Shop
1389,2086,L'Oreal Paris
1390,2089,L'Oreal Paris
1391,2091,L'Oreal Paris
1392,2092,PAC
1393,2094,Nails Our Way
1394,2096,Plum
1395,2097,Augustinus Bader
1396,2098,Viktor & Rolf
1397,2100,The Face Shop
1398,2102,Charmacy Milano
1399,2103,M.A.C
1400,2107,Laneige
1401,2108,M.A.C
1402,2110,Axis-Y
1403,2111,LA' French
1404,2112,L'Oreal Paris
1405,2115,Plum
1407,2121,Minimalist
1408,2124,Calvin Klein
1409,2126,OGX
1410,2128,M.A.C
1411,2129,Calvin Klein
1412,2130,Smashbox
1413,2131,Bigen
1414,2133,PAC
1415,2135,PAC
1416,2137,Insight Cosmetics
1417,2138,PAC
1418,2139,Nails Our Way
1419,2140,M.A.C
1420,2141,Laneige
1421,2143,Huda Beauty
1423,2145,Nails Our Way
1424,2146,Nivea
1425,2147,bareMinerals
1426,2148,RENEE
1427,2149,Episoft
1428,2153,Bella Vita
1429,2154,Laneige
1430,2155,CLINIQUE
1432,2157,M.A.C
1433,2158,Plum
1434,2159,CLINIQUE
1435,2161,Jo Malone London
1436,2162,Calvin Klein
1437,2163,Tree Hut
1438,2164,Plum
1439,2165,Gillette
1440,2166,M.A.C
1441,2167,Neutrogena
1442,2168,Streax
1443,2169,PAC
1445,2173,Burberry
1446,2174,Re'equil
1447,2175,mCaffeine
1448,2176,SKIN1004
1449,2180,bareMinerals
1450,2181,Dr. Sheth's
1451,2182,Sachajuan
1452,2183,Jo Malone London
1453,2185,L.A. Girl
1454,2186,Maybelline New York
1455,2187,Chloe
1456,2188,Messi
1457,2191,Issey Miyake
1458,2193,Pilgrim
1459,2194,Kayali
1460,2195,First Aid Beauty
1461,2196,Bentley
1462,2198,Brillare
1463,2199,Beauty of Joseon
1464,2200,FENTY SKIN
1465,2202,Lamel
1466,2204,Lakme
1467,2205,Swiss Beauty
1468,2206,Lakme
1469,2208,mCaffeine
1470,2209,Rom&nd
1472,2212,Lakme
1473,2213,PAC
1474,2215,Lakme
1475,2216,Natio
1476,2218,Tree Hut
1477,2221,bareMinerals
1478,2224,Rom&nd
1479,2226,L'Oreal Paris
1480,2227,Kimirica
1481,2228,The Body Shop
1482,2229,Wella Professionals
1483,2230,Nails Our Way
1484,2231,Colour Me
1485,2232,Ulric De Varens
1486,2233,Boss
1487,2236,Lakme
1488,2238,Beauty Garage
1489,2241,Fixderma
1490,2242,Ajmal
1491,2243,Diesel
1492,2245,Maybelline New York
1493,2246,The Derma Co
1494,2247,L'occitane
1495,2248,Foxtale
1496,2251,The Face Shop
1497,2252,Beauty of Joseon
1498,2253,L'occitane
1499,2254,Maybelline New York
1500,2255,Dream. Immerse. Play.
1501,2256,Namyaa
1502,2257,Laneige
1503,2258,Huda Beauty
1505,2261,M.A.C
1506,2262,Olaplex
1507,2263,M.A.C
1508,2264,Makeup Revolution
1509,2266,The Body Shop
1510,2267,Tabac
1511,2268,WishCare
1512,2269,PIXI
1513,2271,mCaffeine
1514,2273,Mixsoon
1515,2275,Neyah
1516,2276,FENTY BEAUTY
1517,2277,Adidas
1518,2278,Sheglam
1519,2282,Laneige
1520,2283,Nuse
1521,2285,LOVE beauty AND planet
1522,2286,Foxtale
1523,2288,The Face Shop
1524,2289,Bioderma
1525,2291,OUAI
1526,2292,Gucci
1527,2293,O3+
1528,2294,RENEE
1529,2296,Pilgrim
1530,2297,EMBARK
1531,2298,Plum
1532,2299,Colorbar
1533,2300,Laneige
1534,2301,M.A.C
1536,2304,SUGAR Cosmetics
1537,2305,ClayCo.
1538,2307,Bioderma
1539,2310,The Face Shop
1540,2311,LOVE beauty AND planet
1541,2312,SKIN COTTAGE
1542,2315,Tresemme
1543,2316,Foxtale
1544,2317,KIKO Milano
1545,2319,Beauty of Joseon
1546,2321,Lakme
1547,2323,Akind
1548,2326,Huda Beauty
1549,2327,Burberry
1550,2328,Olaplex
1551,2331,Colorbar
1552,2332,Maybelline New York
1553,2334,Huda Beauty
1554,2335,FENTY BEAUTY
1555,2337,CLINIQUE
1556,2339,Olaplex
1557,2340,SKIN1004
1558,2341,Plum
1560,2344,Shiseido
1561,2349,Rom&nd
1562,2350,Bobbi Brown
1563,2351,Innisfree
1564,2352,Rabanne
1565,2353,Salvatore Ferragamo
1566,2354,Plum
1568,2357,L'Oreal Paris
1569,2358,Nivea
1570,2359,Dr. Sheth's
1571,2361,M.A.C
1572,2362,Colorbar
1573,2368,O3+
1574,2369,mCaffeine
1575,2370,Sheglam
1576,2373,Bigen
1578,2375,82Â°E
1579,2376,Huda Beauty
1580,2377,PAC
1581,2378,OGX
1582,2381,Beautiliss Professional
1583,2386,AND
1584,2387,Lakme
1585,2388,DAVIDOFF
1586,2390,Layer'r
1587,2391,Forest Essentials
1588,2392,Giorgio Armani
1589,2394,Streax
1590,2395,COSRX
1591,2396,Biodance
1592,2397,COSRX
1593,2398,M.A.C
1594,2399,CLINIQUE
1595,2402,Narciso Rodriguez
1596,2404,The Ordinary
1597,2406,Hugo Boss
1599,2408,L.A. Girl
1600,2410,COSRX
1601,2412,Patchology
1602,2413,Reebok
1604,2415,The Ordinary
1605,2416,Bigen
1606,2419,Valentino
1607,2420,Burberry
1608,2421,Yves Saint Laurent
1609,2422,BBlunt
1610,2423,Cetaphil
1612,2427,Too Faced
1613,2429,Benefit Cosmetics
1614,2430,CLINIQUE
1615,2431,O3+
1616,2432,Episoft
1617,2437,Natio
1618,2439,Daily Life Forever52
1619,2442,PAC
1620,2444,M.A.C
1621,2447,Layer'r
1622,2449,Swiss Army
1623,2451,Bella Vita
1624,2453,Huda Beauty
1625,2454,Benefit Cosmetics
1626,2457,Jimmy Choo
1627,2459,Real Techniques
1628,2460,Olaplex
1629,2462,Coach
1630,2463,Maison Margiela
1631,2464,Natio
1632,2465,Minimalist
1633,2466,SKIN COTTAGE
1634,2467,Givenchy
1635,2469,THE LOVE CO.
1636,2470,Bobbi Brown
1637,2472,Max Care
1638,2473,Giorgio Armani
1639,2475,DAVIDOFF
1640,2477,Nuse
1641,2478,WishCare
1642,2479,Azzaro
1643,2480,Re'equil
1644,2481,Forest Essentials
1645,2482,Europe Girl
1646,2483,Tom Ford
1647,2485,Vaseline
1648,2487,Insight Cosmetics
1649,2488,Prada
1650,2489,Patchology
1651,2490,Minimalist
1652,2491,PAC
1653,2493,Boss
1654,2495,Swiss Beauty
1655,2496,L'Oreal Paris
1656,2497,TIRTIR
1657,2498,OUAI
1658,2500,Armaf
1659,2501,OGX
1661,2504,Yves Saint Laurent
1662,2507,Plum
1663,2508,Nails Our Way
1664,2512,Police
1665,2513,Re'equil
1666,2514,Tommy Hilfiger
1667,2515,Jean Paul Gaultier
1668,2517,Prada
1669,2518,SP
1670,2519,Prada
1671,2526,bareMinerals
1672,2527,Swiss Beauty
1673,2528,Gucci
1674,2529,EDW Essenza
1675,2530,Mamaearth
1676,2532,Huda Beauty
1677,2533,Beauty of Joseon
1678,2534,Real Techniques
1679,2535,Lakme
1680,2536,Dove
1681,2537,Ramsons
1682,2538,Swiss Beauty
1683,2541,Narciso Rodriguez
1684,2543,Dr. Sheth's
1685,2544,Kimirica
1686,2545,Fixderma
1687,2546,Daily Life Forever52
1688,2547,Nuse
1689,2549,Faces Canada
1690,2550,Aqualogica
1691,2551,L'Oreal Paris
1692,2552,Nails Our Way
1693,2554,M.A.C
1694,2555,Olaplex
1695,2556,Makeup Revolution
1696,2560,Soulflower
1697,2561,Kama Ayurveda
1698,2563,Dove
1699,2566,Patchology
1700,2567,L'Oreal Paris
1701,2568,FENTY BEAUTY
1702,2569,DAVIDOFF
1703,2570,OUAI
1704,2571,Dr. Sheth's
1706,2573,David Beckham
1707,2574,L'occitane
1708,2576,Giorgio Armani
1709,2580,LOVE beauty AND planet
1710,2581,SKIN1004
1711,2583,M.A.C
1712,2584,Kimirica
1713,2586,M.A.C
1714,2589,Sebamed
1715,2591,Minimalist
1716,2596,Yves Saint Laurent
1717,2598,Murshmallow
1718,2600,Lakme
1720,2602,Kama Ayurveda
1722,2605,Anastasia Beverly Hills
1723,2608,Akind
1724,2609,Sheglam
1725,2610,Calvin Klein
1726,2611,Real Techniques
1727,2612,Giorgio Armani
1729,2616,Beauty of Joseon
1730,2618,Ajmal
1731,2619,O3+
1733,2623,FENTY SKIN
1734,2624,Smashbox
1735,2625,Mamaearth
1736,2626,Moroccanoil
1737,2629,THE LOVE CO.
1738,2631,Forest Essentials
1739,2633,Kayali
1740,2637,L'Oreal Paris
1741,2638,Garnier
1742,2639,Real Techniques
1743,2641,Axis-Y
1744,2642,Dove
1745,2645,Thriveco
1746,2646,mCaffeine
1747,2650,PAC
1748,2651,Menhood
1749,2654,Maybelline New York
1750,2657,Bombay Shaving Company
1751,2661,Re'equil
1752,2663,Azzaro
1753,2666,COSRX
1754,2667,Aveeno
1755,2668,Prada
1757,2670,Nails Our Way
1758,2671,Gucci
1759,2674,Anastasia Beverly Hills
1760,2675,Beauty of Joseon
1761,2676,Nuse
1763,2678,Bioderma
1764,2679,L'Oreal Paris
1765,2680,The Derma Co
1766,2681,Carolina Herrera
1767,2682,Laneige
1768,2684,De Fabulous
1769,2687,Minimalist
1770,2688,Tommy Hilfiger
1771,2690,Azzaro
1772,2691,Lakme
1773,2692,Laneige
1774,2693,Lakme
1775,2695,Foxtale
1776,2696,Schwarzkopf Professional
1777,2697,Nuse
1778,2698,Police
1779,2699,Forest Essentials
1780,2700,M.A.C
1781,2702,THE LOVE CO.
1782,2703,Colorbar
1783,2704,Prada
1784,2705,Calvin Klein
1785,2707,Plum
1786,2710,CR7 Cristiano Ronaldo
1787,2712,Klairs
1788,2714,PAC
1789,2715,Mancode
1790,2716,Lakme
1791,2717,Kimirica
1792,2719,M.A.C
1793,2720,M.A.C
1794,2721,Daily Life Forever52
1795,2724,Swiss Beauty
1796,2726,Sebamed
1798,2728,Cadiveu
1799,2729,Smashbox
1800,2734,Anastasia Beverly Hills
1801,2735,Neutrogena
1802,2736,Huda Beauty
1803,2737,bareMinerals
1804,2738,Conscious Chemist
1805,2739,Akind
1806,2740,FENTY BEAUTY
1807,2741,Rabanne
1808,2745,Laura Mercier
1809,2747,The Derma Co
1810,2748,Maybelline New York
1812,2751,WishCare
1813,2752,Lakme
1814,2753,Bronson Professional
1815,2754,Nuse
1816,2755,The Ordinary
1817,2756,Prada
1818,2757,s.Oliver
1819,2758,Coach
1820,2759,Ajmal
1822,2762,BiE - Beauty In Everything
1823,2763,WishCare
1824,2765,Ajmal
1825,2766,Colorbar
1826,2768,Re'equil
1827,2769,Police
1828,2771,Calvin Klein
1829,2775,Nuse
1830,2776,Mamaearth
1831,2777,Calvin Klein
1832,2779,Nails Our Way
1833,2780,Sirona
1834,2781,d'you
1836,2783,Deconstruct
1837,2784,Real Techniques
1838,2786,Tommy Hilfiger
1839,2787,THE LOVE CO.
1840,2789,Lux
1841,2790,Sheglam
1842,2792,OUAI
1843,2796,M.A.C
1844,2798,Maybelline New York
1845,2800,Forest Essentials
1846,2802,Plum
1847,2803,L'Oreal Paris
1848,2804,Plum
1849,2805,Maison Margiela
1850,2806,Dove
1851,2807,Dermalogica
1852,2808,Beauty of Joseon
1853,2814,KIKO Milano
1854,2815,Swiss Beauty
1855,2821,Colour Me
1856,2822,Gillette
1857,2823,Schwarzkopf Professional
1858,2824,Ruby's Organics
1860,2826,Nails Our Way
1861,2827,Guess
1862,2828,EMBARK
1863,2830,Cetaphil
1864,2832,Akind
1866,2835,Pilgrim
1867,2836,Lakme
1868,2837,Tresemme
1869,2839,Kayali
1870,2840,Insight Cosmetics
1871,2841,Soulflower
1872,2845,M.A.C
1873,2848,Schwarzkopf
1874,2851,M.A.C
1875,2853,QOD Professional
1876,2854,Maybelline New York
1877,2856,The Body Shop
1878,2857,The Derma Co
1879,2859,Forest Essentials
1880,2862,Rabanne
1881,2866,Laneige
1882,2867,L'OREAL PROFESSIONNEL
1883,2868,Maison Margiela
1884,2869,Nuse
1885,2872,Minimalist
1886,2873,Lakme
1888,2875,Maybelline New York
1889,2876,Sheglam
1890,2878,L'occitane
1891,2880,AND
1892,2885,Lakme
1893,2886,Yves Saint Laurent
1894,2887,Gucci
1895,2888,Cacharel
1896,2891,OGX
1897,2892,Dr. Sheth's
1898,2893,Too Faced
1899,2894,Insight Cosmetics
1900,2895,Makeup Revolution
1901,2896,Police
1903,2899,Dr. Sheth's
1904,2900,Ulric De Varens
1905,2902,Streax
1906,2903,ISDIN
1907,2905,Garnier
1908,2906,BBlunt
1909,2908,I'm From
1910,2909,Huda Beauty
1911,2910,L'occitane
1912,2911,Laneige
1913,2912,Ajmal
1914,2913,Fix My Curls
1915,2914,Huda Beauty
1916,2917,Ralph Lauren
1917,2919,Plum
1918,2920,Prada
1919,2924,Foxtale
1920,2925,LOVE beauty AND planet
1921,2926,Calvin Klein
1922,2927,SKIN1004
1923,2929,M.A.C
1924,2930,Plum
1925,2931,DAVIDOFF
1926,2933,Burberry
1927,2936,PAC
1928,2937,L'Oreal Paris
1929,2938,Kimirica
1930,2939,Laneige
1931,2940,Laneige
1932,2943,PAC
1933,2944,Givenchy
1934,2946,Laneige
1935,2947,Smashbox
1936,2949,Dove
1938,2951,Nuse
1939,2953,Maybelline New York
1940,2954,Lakme
1941,2955,WishCare
1942,2956,Neutrogena
1943,2957,Garnier
1944,2959,Sebamed
1945,2961,Nails Our Way
1946,2964,WishCare
1947,2965,PAC
1948,2966,Profusion Cosmetics
1949,2968,Laneige
1950,2970,Ajmal
1951,2972,Calvin Klein
1952,2973,COSRX
1953,2975,Kayali
1954,2976,Nivea
1955,2977,The Derma Co
1956,2979,Tom Ford
1957,2980,Nivea
1958,2982,Bigen
1959,2983,The Face Shop
1961,2985,Pilgrim
1962,2986,Maybelline New York
1963,2988,L'Oreal Paris
1964,2989,L'Oreal Paris
1965,2991,PAC
1966,2992,Sulwhasoo
1967,2994,The Man Company
1968,2995,LA' French
1969,2996,Dream. Immerse. Play.
1970,2997,Lakme
1971,2998,Kylie Cosmetics
1972,2999,Insight Cosmetics
1973,3000,Be Bodywise
1974,3002,Minimalist
1975,3004,Nivea
1976,3006,Guess
1977,3009,Calvin Klein
1978,3010,PIXI
1979,3014,Coach
1980,3015,Huda Beauty
1981,3016,Lakme
1982,3017,Minimalist
1983,3019,bareMinerals
1984,3020,Cetaphil
1985,3023,Nuse
1987,3025,Anastasia Beverly Hills
1988,3027,FENTY BEAUTY
1989,3028,Chambor
1991,3033,Schwarzkopf Professional
1992,3034,Re'equil
1993,3035,Chloe
1994,3037,Bioderma
1995,3038,Cetaphil
1996,3039,SKIN1004
1997,3040,Dermalogica
1998,3042,Police
1999,3043,Vaseline
2000,3044,Bioderma
2001,3046,Ustraa
2002,3047,Giorgio Armani
2003,3048,PAC
2004,3049,SKIN1004
2005,3050,Marc Jacobs
2006,3051,Laneige
2007,3052,Azzaro
2008,3053,The Face Shop
2009,3056,WishCare
2010,3057,Plum
2012,3060,Nails Our Way
2013,3061,Philips
2014,3062,It's a 10 Haircare
2015,3063,Laneige
2016,3064,Lador
2017,3066,FENTY BEAUTY
2018,3067,Thriveco
2019,3068,Lakme
2020,3069,Laneige
2021,3070,CLINIQUE
2022,3071,Ajmal
2023,3072,Insight Cosmetics
2024,3073,Prada
2025,3074,Rabanne
2026,3075,Minimalist
2027,3076,Laneige
2028,3077,Makeup Revolution
2029,3082,Pilgrim
2030,3083,Elizabeth Arden
2031,3084,Foxtale
2032,3086,Huda Beauty
2033,3087,Maybelline New York
2034,3088,mCaffeine
2035,3089,The Derma Co
2036,3091,ETUDE HOUSE
2037,3097,L'occitane
2038,3098,Yves Saint Laurent
2039,3099,Mamaearth
2040,3102,Inde Wild
2041,3103,BBlunt
2042,3104,Miss Claire
2043,3106,Lakme
2044,3107,Jaguar
2045,3108,L'Oreal Paris
2046,3109,OGX
2047,3110,Calvin Klein
2048,3111,Beauty Garage
2049,3113,Coach
2050,3114,Lakme
2051,3115,Anastasia Beverly Hills
2052,3116,Tree Hut
2053,3118,Yves Saint Laurent
2054,3120,Colour Me
