,product_id,sub_category
0,2,Perfume
1,3,Eye Palette
2,4,Shower Gel
3,5,Shower Gel
4,6,Colour Corrector
5,7,Face Sunscreen
6,8,Eau De Parfum
7,10,Acne Scar Removal Gel
8,12,Body Scrub
9,14,Perfume
11,20,Eau De Toilette Perfume
12,21,Lip Liner
13,22,Face Mask
14,24,Hair Mask
15,25,Eau De Parfum
16,28,Face Moisturizer
17,29,Face Wash
18,30,Body Oil
19,31,Lip Balm
20,33,Cleanser
21,34,Lipstick
22,35,Face Moisturiser
23,38,Massage Oil
25,40,EDP Perfume
26,41,Face Scrub
27,42,Highlighter
29,45,Eau De Parfum
30,46,Face Sunscreen
31,47,Face Moisturizer
32,48,Body Lotion
33,51,Kajal
34,52,Nail Polish
35,53,Bronzer
36,54,Eau De Parfum
37,55,Foundation
38,56,Eau De Parfum
39,57,Face Wash
40,58,Perfume
41,59,Conditioner
42,60,Contour Powder
43,61,Face Mask
44,62,Eye Palette
45,63,Hand Cream
46,64,Lipstick
47,67,Face Sunscreen
48,70,Face Razor
49,72,Nail Polish
50,73,Eau De Parfum
51,74,Hair Serum
52,75,Hair Serum
53,76,Eau De Parfum
54,77,Hair Mask
55,80,Massage Oil
56,81,Eyebrow Pencil
57,85,Body Mist
58,86,Hair Oil
59,87,Eau De Parfum
61,90,Lipstick
62,91,Face Moisturiser
63,92,Eau De Parfum
64,93,Nail Polish Remover
65,94,Shampoo
66,97,Parfum
67,98,Face Moisturiser
68,100,Eau De Parfum
69,101,Liquid Lipstick
70,102,Perfume
71,106,Face Sunscreen
72,107,Highlighter
73,108,Body Spray
74,112,Eye Palette
75,113,Makeup Remover
76,115,Concealer
77,118,Shower Gel
78,120,Kajal
79,121,Eau De Toilette
80,123,"Shower Gel, Face Wash & Bath Salt"
81,125,Setting Powder
82,129,Kohl Kajal
83,130,Eau De Parfum
84,132,Sleeping Face Mask
85,133,Nail Polish
86,136,Nail Polish Remover
88,139,Eau De Parfum
89,140,Eau De Toilette
90,142,Lip Mask
91,144,Body Scrub
93,148,Face Serum
94,149,Shower Gel
95,151,Compact Powder
98,155,Deodorant Perfume
99,157,Face Wash
100,158,Nail Polish
101,159,Compact Powder
102,161,Body Wash
103,162,Lip Tint
104,163,Eau De Toilette
105,165,Face Sunscreen
106,166,Foundation
107,168,Massage Oil
108,172,Face & Eye Brush
109,173,"Body Wash, Body Lotion, Soap, Hand Cream & Bath Soap"
110,175,Makeup Brush
111,176,Face Moisturiser
112,178,Blush
113,180,Lip Mask
114,181,Eau De Parfum
115,182,Sheet Mask
116,183,Lipstick
117,185,Sheet Mask
118,186,Lipstick
119,187,Nail Polish
120,190,Liquid Lipstick
121,191,Eau De Parfum
122,192,Nail Polish
123,193,Body Wash and Body Lotion
124,194,Perfume
126,198,Eye Cream
127,199,Eau De Parfum
128,200,Nail Polish
129,201,Lip Mask
131,203,Body Mist
132,204,"Body Wash, Body Scrub & Exfoliating Glove"
133,205,Kajal
134,206,Perfume
135,207,Face Moisturizer
136,208,Eye Shadow
137,209,Face Wash
138,210,Liquid Lipstick
139,211,Hair Oil
140,218,Massage Oil
141,219,Sleeping Mask
142,220,Face Sunscreen
143,221,Eau De Toilette
144,222,Eau De Toilette
145,223,Hair Serum
146,225,Face Mask
147,226,Face Brush
148,227,Liquid Highlighter
149,229,Hair Serum
150,230,Face Mask
151,232,Face Scrub
152,233,Hand Cream
153,234,Nail Polish
154,236,Hand Cream
155,238,Eye Gel Patch
156,239,Body Scrub
157,245,Shampoo
158,247,Deodorant
159,248,Contour Powder
160,249,Hair Oil
162,251,Hand Mask
163,252,Trimmer
164,253,Hair Cream
165,255,Foundation
166,256,Night Cream
168,261,Eau De Parfum
169,263,Soap
170,264,Face Serum
171,265,Conditioner
172,266,Highlighter Pressed Powder
173,267,Eyebrow Pomade
174,268,Sunscreen Gel
175,269,Body Lotion
176,270,Face Moisturiser
177,271,Contour
180,274,Face Mask
181,275,Face Serum
183,277,Face Sunscreen
184,278,Hair Clay
185,279,Lip Tint
186,280,Lipstick
188,282,Body Wash
189,283,Lipstick
190,285,Face Cleanser
191,286,Face Wash
192,287,Eyeshadow Palette
193,288,Body Sunscreen
194,291,Blush
195,292,Nail Polish
196,293,Lip Mask
197,295,Body Wash
198,297,Eyeliner
200,300,Lip Gloss
201,301,Hair Oil
202,302,Body Lotion
203,304,Makeup Organiser Bag
204,305,Face Serum
205,306,Nail Polish
206,308,Nail Polish
207,310,Body Mist
208,311,Body Scrub
209,312,Makeup Palette
210,314,Foundation
211,316,Sheet Mask
212,317,Mascara
213,318,Trimmer
214,320,Trimmer
215,321,Hair Oil
216,322,Eau De Parfum
217,326,Body Mist
218,327,Body Scrub
219,328,Nail Polish
221,331,Hand + Nail Cream
222,332,Deodorant
223,333,Lipstick
224,334,Sleeping Mask
225,337,BB Cream
226,339,Eau De Parfum
228,342,Eau De Toilette
229,344,Massage Oil
230,345,Eau De Toilette
231,346,Perfume
232,347,Eau De Parfum
233,349,Eyeliner
234,350,Makeup Palette
235,351,Face Sunscreen
236,352,Body Mist
237,355,Hair Serum
238,356,Eau De Toilette
239,357,Hair Oil
240,358,Eau De Perfume
241,359,Shampoo
242,361,Hair Oil
244,365,Hair Serum
245,366,Body Lotion
246,368,Hair Oil
247,369,Face Serum
248,370,Face Sunscreen
249,371,Body Lotion
250,372,Eau De Toilette
251,374,Massage Oil
252,376,Makeup Remover
253,380,Conditioner
255,382,Eau De Toilette
256,383,Body Wash
257,384,Deodorant
258,385,Body Sunscreen
259,387,Eau De Parfum
260,388,Nail Polish
261,390,Foundation
262,392,Hair Oil
263,394,Shampoo
265,396,Body Scrub
266,398,Kajal
267,400,Eau De Toilette
268,402,Nail Polish
271,405,Face Serum
272,406,Eau De Toilette
273,408,Nail Polish
274,409,Lip Tint
275,412,Eyeshadow Palette
276,413,Conditioner
277,414,Conditioner
278,415,Face Pack
279,417,Eau De Parfum
280,418,Lipstick
281,420,Lip Oil
282,421,Eyeliner
283,422,Body Scrub
284,423,Blush
285,424,Eau De Parfum
286,425,Nail Polish
287,427,Deodorant
288,429,Body Scrub
289,430,Liquid Lipstick
290,431,Highlighter Pressed Powder
291,432,Lipstick
292,433,Cotton Puff
293,434,Highlighter Pressed Powder
294,435,Lip Stain
295,436,Hair Serum
296,437,Face Concealer
297,439,Eau De Toilette
298,440,Kajal
299,441,Hair Color
300,444,Liquid Lipstick
301,445,Blush
302,446,Face Serum
303,447,Makeup Remover Oil
304,448,Shampoo
305,450,Body Mist
306,451,Eau De Toilette
307,452,Deodorant
309,456,Hair Spray
310,457,EDP Perfume
311,458,Face Primer
312,459,Deodorant
313,461,Shower Gel
315,463,Body Lotion
316,464,Body Wash
317,465,Nail Polish
319,470,Body Lotion
320,471,Face Wash
321,472,Shower Gel
322,473,Deodorant
323,475,Body Lotion
324,478,Makeup Palette
325,479,Hair Serum
326,481,Nail Polish Remover
327,482,Face Cleanser
328,485,Hair Serum
329,486,Face Wash
331,490,Face Wash
332,491,Body Lotion
335,495,Hair Serum
336,496,Liquid Lipstick
337,497,Hair Oil
338,498,Conditioner
339,500,Ball Sack Spray
340,501,Eau De Parfum
341,502,Loose Powder
342,504,Nail Polish
343,505,Liquid Lipstick
344,506,Deodorant Roll On
346,508,Beard Wash
347,512,Day Cream
348,513,Trimmer
349,514,Body Scrub
350,515,Eye Palette
351,516,Face Serum
352,517,Shower Gel
353,518,Eau De Toilette
355,520,Body Spray
356,521,Hair Mask
357,522,Blush & Highlight Palette
358,523,Blade Razor & Cartridge
359,524,Overnight Mask
360,526,Eyeshadow Palette
361,527,Liquid Lipstick
362,529,Hair Mask
363,530,Nail Polish Remover Wipe
364,531,Eau De Toilette
365,532,Conditioner
366,533,Face Primer
367,534,Setting Spray
368,536,Eau De Toilette
369,537,Body Lotion
370,538,Hair Oil
371,539,Face Wash
372,540,Hair Gel
373,541,Deodorant
374,543,Lip Liner
375,546,Hair Oil
376,547,Deodorant
377,548,Deodorant
379,551,Hair Serum
380,552,Lipstick
381,553,Hair Color Conditioner
382,554,Shampoo
383,555,Face Cleanser
384,556,Manicure Pedicure Tool
385,557,Sunscreen
386,558,Body Mist
387,559,Eyeliner
388,560,Body Splash
389,561,Eye Shadow
390,562,Cleansing Oil
391,563,Makeup Brush
392,564,Perfume
393,566,Skin Cleanser
394,569,Nail Polish Remover Wipe
395,570,Skin Toner
396,572,Hair Gel
397,574,Face Concealer
398,575,Hair Oil
399,576,Lip Tint
400,577,Lip Tint
401,578,Lipstick
402,579,Acne Patch
403,580,Eau De Parfum
404,582,Lipstick
405,583,Massage Oil
406,584,Eau De Parfum
407,585,Foundation
408,587,Deodorant
409,590,"Face Wash, Face Scrub & Brightening Cream"
410,591,Face Sunscreen
411,592,Nail Polish
412,594,Liquid Lipstick
413,595,Nail Polish
414,597,Face Sunscreen
415,599,Hair Serum
416,601,Eyebrow Pencil
417,603,"Face Wash, Face Scrub, Body Wash & Body Scrub"
418,604,Eau De Toilette
419,605,Shampoo
420,606,Body Lotion
421,607,Mascara
422,609,Perfume
423,610,Hair Oil
426,614,Blush
427,615,Eyelash Curler
428,617,Foundation
429,622,Shaver
430,623,Lip Gloss
431,624,Eyeshadow Palette
432,625,Lipstick
433,627,Sheet Mask
434,628,Deodorant
435,629,Eau De Parfum
436,630,Eye Palette
437,631,Eye Palette
438,633,Body Scrub
440,638,Eau De Parfum
441,639,Body Wash
442,640,"Shower Gel, Body Lotion, Bath Salt, Bathing Bar & Potli with Bud"
443,641,Setting Spray
444,642,Shower Gel
445,643,Face Mask
446,645,Shower Gel
447,646,Body Wash
448,647,Face Sunscreen
449,648,Hair Oil
450,651,Lip Tint
454,658,Lipstick
455,661,Face Wash
456,662,Lipstick
457,663,Eau De Parfum
458,664,Body Sunscreen
459,666,Conditioner
460,667,Body Scrub
461,668,Eau De Parfum
462,670,Face Wash
463,672,Parfum
464,673,Shampoo
465,674,Soap
466,675,Peeling Solution
467,676,Deodorant
468,677,Face Sunscreen
469,680,Setting Spray
471,683,Eau De Parfum
472,684,Lip Liner
473,685,Lip Liner
474,686,Eye Shadow
475,687,Face Sunscreen
476,688,Eau De Toilette
477,691,Skin Cleanser
480,696,Body Wash
481,698,Eyebrow Enhancer Pencil
482,702,Eau De Parfum
483,703,Nail Polish
484,704,Face Moisturizer
485,707,Lipstick
486,708,Eye Palette
489,712,Face Wash
490,713,Nail Polish
491,714,Conditioner
492,715,Eau De Parfum
493,716,Face Mask
494,718,Eau De Toilette
495,719,Perfume
496,720,Eyeshadow Palette
497,721,Blush
499,723,Nail Polish
500,724,Nail Glue
501,725,Facial Cream
502,727,Face Serum
503,728,Eau De Toilette
504,729,Foundation
505,730,Makeup Remover
506,732,Body Lotion
507,736,Nail Polish
508,737,Hair Mask
510,739,Shampoo
511,740,Liquid Highlighter
512,741,Nail Polish
513,743,Blush
514,744,Lip Tint
515,746,Body Scrub
516,747,Shampoo
517,748,Lip Gloss
518,749,Eau De Parfum
519,752,Eau De Parfum
520,753,Face Serum
521,760,Body Butter
522,764,Face Wash
523,767,Eyeliner
524,768,Highlighter
525,769,Hair Cream & Hair Gel
526,771,Eye Shadow Stick
527,772,Hair Serum
529,774,Makeup Remover
530,775,Eyeshadow Palette
531,777,Kajal
532,778,Deodorant
533,779,Eau De Toilette
534,780,"Face Wash, Face Serum, Sheet Mask & Perfume"
536,782,Kajal
537,783,Bronzer
538,784,Lip Tint
539,785,"Eye Mask, Sleeping Mask & Lip Treatment"
540,786,Hair Mask
541,787,Face Moisturiser
543,790,Eye Pencil
544,791,Shower Gel
546,793,Parfum
549,796,Face Primer
550,797,Eau De Toilette
551,798,Face Serum
552,799,Face Moisturizer
553,800,Body Scrub
554,801,Eyelash
555,802,Nail & Cuticle Oil
556,803,Makeup Brush
557,804,Highlighter
558,807,Hair Serum
559,808,Body Scrub
560,809,Nail Polish
561,810,Blush
562,811,Body Scrub
563,813,Hair Oil
564,814,Body Wash
565,815,Mascara
566,816,Conditioner
567,817,Blush
568,820,Blusher & Highlighter Palette
569,821,Hair Serum
570,822,Makeup Remover
571,823,Sheet Mask
572,824,Body Lotion
573,825,Eye Serum
574,826,Eau De Toilette
575,827,Face Sunscreen
576,828,Foundation
577,830,Toner
578,832,Compact
579,833,Cuticle Softener
581,836,Eye Pen
582,837,Eyeshadow Palette
583,838,Soap
584,839,Body Wash
585,843,Face Mask
586,846,Face Sunscreen
587,847,Eyeshadow Palette
588,848,Nail Polish
589,849,Eau De Parfum
590,850,Makeup Pouche
592,852,Mascara
594,854,Blush
595,855,Hair Oil
596,856,Face Sunscreen
597,858,Pore Refiner Cream
598,859,Hair Serum
599,860,Shampoo
600,861,Bronzer
601,863,Shower Gel
602,864,Lip Gloss
603,865,BB Cream
604,866,Body Lotion
605,867,Body Wash
606,870,Mascara
607,872,Body Lotion
608,876,Body Lotion
609,878,Eyeshadow Palette
610,879,Massage Oil
611,880,Face Sunscreen
612,883,Deodorant
613,884,Eau De Parfum
614,885,Trimmer
615,887,Shower Gel
616,889,Body Sunscreen
617,893,Eau De Toilette
618,895,Body Wash
619,896,Face Scrub
620,898,Mascara
621,899,Highlighter
622,900,Eau De Parfum
624,902,Mascara
625,903,Beard Colour Cream
626,904,Body Scrub
627,906,Eau De Parfum
628,908,Eye Shadow
629,909,Face Moisturiser
630,911,Cleanser
631,912,Cologne
632,913,Mascara
635,917,Nail Polish
636,918,Eau De Toilette
637,921,Liquid Lipstick
638,922,Body Lotion
639,923,Hair Serum
640,926,Body Scrub
641,927,Hair Serum
642,928,Hair Serum
643,929,Body Scrub
644,932,Makeup Brush
645,934,"Face Wash, Face Scrub, Peel-Off Mask & Face Cream"
646,936,Lip Balm
647,937,Hair Serum
648,939,Nail Polish
649,940,Eyeshadow Palette
650,941,Toner
651,942,Cream
652,943,Deodorant
653,944,Face Mask
654,945,Nail Polish
655,947,Mascara
656,948,Scrubs & Exfoliators
657,949,Hair Serum
658,950,Beard Oil
659,953,Conditioner
660,955,Shampoo
661,956,Eau De Parfum
662,957,Hair Serum
663,959,Lip Gloss
664,960,Body Lotion
665,961,Perfume
666,962,Eyeliner
667,964,Nail Polish Remover
668,965,Face Moisturiser
669,967,Lip Tint
670,970,Conditioner
671,972,Face Mask
672,974,Skin Cleanser
673,976,Shower Gel
674,978,Eau De Toilette
675,979,Eyeshadow Palette
676,982,Eau De Toilette
677,984,Lipstick
678,986,Face Moisturizer
680,989,Blush
681,990,Face Wash
682,991,Loose Powder
683,993,Lip Liner
685,996,Concealer
686,997,Makeup Brush
687,998,Eyeshadow Palette
688,999,Lip Tint
689,1000,Eau De Parfum
691,1004,Sheet Mask
693,1006,Blush Highlighter
695,1008,Lip Balm
696,1009,Foot Mask
697,1010,Body Wash
698,1011,Highlighter
699,1013,Face Moisturizer
701,1017,Facial Cream
702,1019,Hair Oil
704,1022,Body Lotion
705,1023,Nail Polish
706,1025,Blush
707,1026,Hair Oil
708,1028,Cleanser
709,1029,Kajal
710,1030,Body Wash
711,1033,Body Wash
712,1034,Lipstick
713,1035,Face Mask
714,1040,Lipstick
715,1041,Stick Mask
716,1042,Shampoo
717,1044,Face Sunscreen
718,1045,Facial Cream
719,1046,Hair Serum
721,1048,Nail Polish
722,1050,Kohl Pencil
723,1051,Eau De Toilette
724,1052,Sheet Mask
725,1053,Hair Serum
726,1054,Toner
727,1058,Liquid Lipstick
728,1060,Hair Oil
729,1062,Liquid Lipstick
730,1066,Toner
731,1067,Eau De Parfum
732,1068,Eyeshadow Palette
733,1069,Eau De Parfum
734,1071,Intimate Lotion
735,1073,Shampoo
736,1074,Perfume
737,1075,Eau De Parfum
739,1077,"Soap, Shaving Cream, Shaving Brush, After-Shave Lotion & Body Spray"
740,1078,Essential Oil
741,1079,Loose Powder
742,1080,Eyebrow Gel
743,1081,Conditioner
744,1082,Cleanser
746,1084,Eau De Parfum
747,1086,Face Sunscreen
748,1087,Setting Spray
749,1088,Hair Oil
750,1089,Face Serum
751,1090,Face Cream
752,1091,Eau De Parfum
753,1092,Eau De Parfum
754,1094,Body Lotion
755,1095,Hair Serum
756,1097,Face Sunscreen
757,1098,Eau De Toilette
758,1099,Face Oil
760,1102,Face Sunscreen
761,1103,Bronzer
762,1105,Body Sunscreen Lotion
763,1106,Mascara
764,1108,Eau De Parfum
765,1109,Body Lotion
767,1112,Face Sunscreen
768,1113,Shampoo
769,1114,Hair Serum
770,1115,Makeup Sponge
771,1116,Makeup Sponge
772,1118,Conditioner
773,1119,Face Mask
774,1120,Toner
775,1121,Puff
776,1122,Hair Serum
777,1123,Massage Oil
778,1124,Lipstick
779,1125,Eau De Parfum
780,1126,Face Cleanser
783,1135,Body Spray
784,1136,Eau De Toilette
785,1137,Face Wash
786,1139,Eau De Toilette
787,1140,Face Wash
788,1142,Face Oil
789,1143,Face Primer
790,1144,Shower Gel
791,1146,Face Moisturiser
792,1147,Under Arm Roll On
794,1149,Mascara
795,1150,Face Palette
796,1152,Hair Serum
797,1153,Eyelash Curler
798,1154,Face Brush
799,1159,Mascara
800,1161,Brow Gel
801,1162,Body Scrub
802,1163,Face Moisturiser
803,1164,Body Scrub
804,1166,Eau De Parfum
805,1170,Body Scrub
806,1171,Eau De Parfum
807,1172,Face Sunscreen
808,1173,Makeup Remover
809,1175,Eyeliner
810,1176,Body Mist
811,1177,Setting Spray
812,1179,Talc
813,1180,Face Sunscreen
814,1181,Lip Cream
815,1182,Face Moisturiser
816,1183,Nail Polish
817,1184,Body Lotion
818,1185,Hair Mask
819,1186,Conditioner
820,1187,Body Mist
821,1189,Makeup Sponge
822,1191,Eau De Parfum
824,1196,Toner
825,1198,Deodorant
826,1200,Face Peel Mask
827,1203,Eau De Parfum
828,1204,Perfume
829,1205,Bronzer
830,1206,Face Scrub
831,1207,Shower Gel
832,1208,Kajal & Sharpener
834,1211,Eyeliner
835,1213,Soap
836,1214,Lip Gloss
837,1215,Eau De Parfum
838,1216,Eau De Parfum
839,1217,Shampoo
840,1219,Eyebrow Enhancer Pencil
841,1220,Nail Polish
842,1223,Face Serum
843,1227,Blush
844,1228,Sheet Mask
845,1229,Face Sunscreen
846,1231,Foundation
847,1234,Shower Gel
848,1236,Blush
849,1238,Eau De Parfum
850,1240,Sheet Mask
851,1241,Toner
852,1242,Eau De Toilette
853,1243,Lip Crayon
854,1244,Eau De Parfum
855,1245,Toner
856,1247,Eau De Parfum
857,1248,Lip Mask
858,1249,Hair Oil
859,1254,Face Sunscreen
860,1256,Skin Cleanser
861,1257,Lipstick
864,1262,Face Sunscreen
865,1263,Kajal
866,1264,Lip + Cheek Tint
867,1265,Sunscreen
868,1266,Hair Oil
869,1268,Foundation
870,1269,Foundation
871,1271,Face Peel Mask
872,1272,Eau De Toilette
874,1275,Lip Balm
875,1276,Face Moisturiser
877,1279,Liquid Lipstick
878,1280,Lipstick
879,1281,Mascara
880,1282,Body Lotion
882,1285,Body Mist
883,1288,Lipstick
884,1289,Eau De Toilette
885,1292,Blush
886,1296,Lip Tint
887,1297,Face Moisturiser
888,1298,Face Moisturiser
889,1301,Eau De Parfum
890,1302,Eau De Parfum
891,1303,Blush
892,1304,Liquid Lipstick
893,1306,Eau De Parfum
894,1307,Face Wash
895,1308,Eyeliner
896,1309,Hair Serum
897,1311,Body Wash
898,1313,Eau De Parfum
899,1315,Body Mist
900,1316,Eyebrow Enhancer Pencil
901,1317,Face Brush
902,1318,Face Brush
903,1320,Body Scrub
904,1322,Face Moisturizer
905,1323,Body Lotion
906,1325,Body Lotion
907,1326,Lip Oil
908,1328,Face Sunscreen
909,1329,Lip Tint
910,1333,Hair Band
911,1334,Face Mask
912,1335,Foot Socks Mask
913,1336,Body Spray
914,1337,Lipstick
915,1340,Nail Polish
916,1344,Body Moisturiser
917,1345,Eau De Parfum
918,1346,Lipstick
919,1348,Hair Serum
920,1351,Sleeping Face Mask
921,1353,Face Moisturiser
922,1355,Face Cream
923,1356,Lip Tint
924,1357,Roll On
925,1360,Eau De Toilette
926,1361,Nail Polish
927,1362,Face Sunscreen
928,1363,Hair Oil
929,1367,Liquid Lipstick
930,1368,Nail Polish
931,1369,Color Corrector
932,1371,Hair Serum
933,1372,Face Serum
934,1373,Blush Brush
936,1375,Body Wash
937,1376,Hair Serum
938,1377,Eau De Parfum
939,1378,Eyeliner
940,1379,Face Cleanser
941,1380,Eau De Parfum
942,1381,Kajal
943,1382,Skin Cleanser
944,1383,Eau De Parfum
945,1385,Hair Serum
946,1386,Hair Serum
947,1387,Lipstick
948,1388,Eau De Parfum
949,1389,Body Lotion
950,1390,Face Brush
951,1394,Foundation
952,1396,Soap
954,1398,Hair Serum
955,1399,Eau De Parfum
956,1401,Body Scrub
957,1402,Face Primer
958,1405,Eau De Parfum
959,1406,Toner
960,1407,Massage Oil
961,1408,Toner
963,1412,Mascara
964,1415,Nail Polish
965,1418,Body Scrub
966,1419,Face Cleanser
969,1424,Hair Mask
970,1425,Lipstick
971,1426,Sunscreen Moisturizer
972,1427,Eau De Parfum
973,1428,Eau De Parfum
974,1430,Hair Oil
975,1432,Loose Powder
976,1433,Blush
977,1435,Nail Polish
978,1437,Setting Spray
979,1438,Body Lotion
980,1440,Body Lotion
981,1441,Hair Oil
982,1444,Conditioner
983,1446,"Shower Gel, Body Lotion & After Bath Oil"
984,1448,Hair Spray
985,1450,Eyebrow Pencil
986,1451,Body Wash
987,1452,Eye Gel Patch
988,1453,Eyeshadow Palette
989,1454,Foundation
990,1455,Makeup Palette
991,1456,Makeup Organiser Bag
992,1458,Nail Polish
993,1460,Shower Gel
994,1461,Face Moisturiser
995,1464,Body Peel
996,1466,Face Moisturiser
997,1468,Eyeliner
998,1469,Sleeping Mask
999,1471,Body Lotion
1000,1472,Hair Oil
1001,1473,Eau De Toilette
1002,1476,Eau De Toilette
1003,1477,Shampoo
1004,1479,Liquid Lipstick
1005,1480,Face Serum
1006,1482,Eau De Parfum
1007,1483,Deodorant
1008,1485,Eau De Parfum
1009,1486,Eau De Parfum
1010,1487,Deodorant
1011,1489,Body Spray
1013,1491,Body Wash
1014,1492,Under Arm Roll On
1016,1498,Eau De Parfum
1017,1499,Eyebrow Gel
1019,1503,Foundation
1020,1505,Face Moisturizer
1021,1510,Deodorant
1022,1511,Conditioner
1023,1512,Eyeshadow Palette
1024,1514,Hair Oil
1025,1517,Hair Oil
1027,1519,Face Cleanser
1028,1520,Parfum
1029,1521,Face Wash
1030,1522,Lip Balm
1031,1524,Hair Oil
1032,1525,Hair Serum
1033,1527,Shampoo
1034,1528,Hair Cream
1035,1529,Hair Cream
1036,1532,Shampoo
1037,1533,Conditioner
1038,1534,Lipstick
1039,1535,Perfume
1040,1537,Lipstick
1041,1538,Lip Crayon
1043,1540,Lip Tint
1044,1541,Face Moisturiser
1045,1542,Hair Serum
1046,1545,Aftershave Lotion
1047,1546,"Moisturizer Cream, Skin Cream & Sleeping Mask"
1048,1547,Eau De Parfum
1049,1548,Eau De Parfum
1051,1553,Hair Color Creme
1052,1554,Mascara
1053,1555,Lip Tint
1054,1557,Nail Polish Remover
1055,1558,Eau De Parfum
1057,1560,Nail Polish
1058,1563,Eau De Parfum
1059,1564,Eau De Parfum
1060,1565,Eau De Parfum
1061,1566,Eau De Parfum
1062,1567,Lipstick
1063,1569,Eau De Parfum
1065,1572,Liquid Lipstick
1066,1573,Sheet Mask
1067,1575,Blush
1068,1578,Face Oil
1069,1579,Face Serum
1070,1586,Deodorant Spray
1071,1588,Body Wash
1073,1591,Face Moisturiser
1074,1592,Liquid Lipstick
1075,1593,Body Scrub
1077,1596,Eyeshadow Palette
1079,1598,Nail Polish
1080,1600,Nail Polish
1081,1603,Face Brush
1082,1604,Face Mask
1083,1605,Lip Tint
1084,1607,Eau De Toilette
1085,1608,Eau De Toilette
1086,1609,Body Lotion
1087,1611,Lipstick
1088,1612,Foundation
1089,1615,Face Wash
1091,1619,Sunscreen
1092,1620,Body Lotion
1093,1621,Deodorant
1094,1623,Liquid Lipstick
1095,1625,Body Lotion
1096,1627,Lip Gloss
1097,1629,Hair Serum
1098,1630,Lipstick
1099,1632,Body Lotion
1100,1638,Blush
1101,1640,Makeup Sponge
1102,1641,Clay Face Mask
1103,1644,Concealer
1104,1646,Deodorant
1105,1647,Body Wash
1106,1648,Face Mist
1107,1651,Face Wash
1108,1652,Shampoo
1110,1656,Concealer
1111,1660,Hair Color Conditioner
1112,1661,Bath Loofah
1113,1664,Conditioner
1114,1665,Makeup Remover
1116,1668,Blush
1118,1673,Hair Brush
1119,1675,Eau De Parfum
1120,1676,Body Scrub
1121,1678,Face Mask
1122,1679,Face Sunscreen
1123,1681,Face Mask
1124,1683,Face Wash
1125,1685,Body Wash
1126,1686,Makeup Remover
1129,1695,Toner
1130,1697,Liquid Lipstick
1131,1698,Conditioner
1132,1699,Hair Oil
1133,1700,Eau De Toilette
1135,1705,Face Scrub
1136,1707,Mascara
1137,1708,Eyeshadow Palette
1138,1712,Nail Polish
1139,1713,Toner
1140,1714,Eye Gel Patch
1141,1715,Hair Serum
1142,1716,Face Sunscreen
1143,1717,Face Moisturizer
1144,1718,Deodorant
1145,1720,Eau De Parfum
1147,1722,Blush
1149,1725,Perfume
1150,1726,Body Lotion
1151,1727,Eau De Parfum
1152,1729,Facial Cleanser
1153,1730,Face Sunscreen
1154,1731,Blush
1157,1734,Body Lotion
1158,1735,Face Concealer
1159,1736,Body Lotion
1160,1737,Blush Brush
1161,1739,Deodorant
1162,1742,Lipstick
1163,1743,Lip Balm
1164,1744,Hair Serum
1165,1745,Hair Oil
1166,1747,Sheet Mask
1167,1748,Face Sunscreen
1168,1749,Face Sunscreen
1169,1750,Hair Serum
1170,1751,Face Sunscreen
1171,1752,Hair Oil
1172,1753,Nail Polish
1173,1754,Lipstick
1174,1755,Blush
1175,1756,Face Primer
1176,1757,Liquid Lipstick
1177,1758,Face Sunscreen
1178,1759,Loose Powder
1179,1761,Body Wash
1180,1762,Lip Liner
1181,1763,Hair Oil
1182,1764,Eyeliner
1183,1765,Eye Palette
1184,1766,Face Serum
1186,1769,Nail Polish
1187,1770,Face Serum
1188,1772,Eye Serum
1189,1773,Body Mist
1190,1774,Conditioner
1191,1777,Lip Liner
1192,1779,Hair Oil
1193,1780,Toner
1194,1781,Face Scrub
1195,1782,Face Moisturizer
1196,1783,Face Sunscreen
1197,1784,Eau De Parfum
1198,1787,Parfum
1199,1788,Blush
1200,1789,Hair Mask
1201,1790,Eau De Parfum
1202,1792,Nail Polish
1203,1796,Body Scrub
1204,1798,Body Mist
1205,1799,Eau De Toilette
1207,1804,Eau De Toilette
1209,1806,Loose Powder
1210,1807,Eau De Parfum
1211,1808,Body Wash
1212,1811,Body Scrub & Body Polishing Oil
1213,1812,Color Corrector
1215,1816,Face Serum
1216,1818,Eyeshadow Palette
1217,1819,Body Lotion
1218,1820,Lipstick
1219,1822,Shower Cream
1220,1824,Lip Balm
1221,1828,Face Cleanser
1222,1829,Compact
1223,1830,Nail Polish
1224,1831,Trimmer
1225,1833,Eau De Parfum
1226,1834,Hair Serum
1227,1835,Face Serum
1229,1837,Shower Gel
1230,1842,Eau De Parfum
1231,1843,Eyeliner
1232,1844,Deodorant
1233,1846,Makeup Sponge
1234,1850,Face Primer
1235,1852,Conditioner
1236,1853,Lip Tint
1237,1854,Lip Tint
1238,1859,Eau De Toilette
1239,1860,Hair Oil
1240,1864,Makeup Brush
1241,1866,Face Moisturizer
1242,1869,Eye Palette
1243,1870,Perfume
1244,1872,Eau De Parfum
1245,1873,Face Serum
1246,1874,Blender
1247,1875,Deodorant
1248,1878,Perfume
1249,1879,Foundation
1250,1881,"Toner, Moisturizing Cream & Moisturizing Emulsion"
1251,1882,Face Serum
1252,1883,Beard Oil
1253,1885,Eau De Toilette
1254,1888,Face Moisturizer
1255,1889,Eau De Parfum
1257,1892,Eye Shadow
1258,1893,Eau De Parfum
1259,1896,Liquid Lipstick
1260,1899,Highlighter
1261,1900,Perfume
1262,1901,Body Lotion
1263,1903,Lipstick
1264,1904,Eyeshadow Palette
1265,1906,Sheet Mask
1266,1907,"Bubble Bath, Body Wash, Body Lotion, Candle, Bath Salt, Hand Cream & Bathing Bar"
1267,1909,Face Primer
1268,1912,Blush
1269,1913,Body Scrub
1270,1914,Hair Oil
1271,1915,Toner
1272,1916,Hair Serum
1273,1917,Body Mist
1274,1918,Highlighter
1275,1923,Conceal Contour + Highlighter Stick
1276,1924,Eau De Parfum
1277,1925,Shower Gel
1278,1926,Lip Balm
1279,1927,Face Moisturizer
1280,1929,Body Exfoliating Gel
1281,1930,Toner
1283,1933,Eau De Parfum
1284,1934,Body Lotion
1285,1935,Hair Serum
1287,1938,Body Lotion
1289,1940,Lip Mask
1290,1941,Eau De Parfum
1291,1942,Blush
1292,1943,Lip Balm
1293,1945,Body Lotion
1295,1952,Conditioner
1296,1953,Sheet Mask
1297,1954,Face Primer
1298,1955,Conditioner
1299,1956,Sheet Mask
1300,1957,Blush
1301,1958,Lipstick
1302,1960,Shampoo
1303,1962,Hair Serum
1304,1964,Hand Cream
1305,1966,Body Scrub
1306,1968,Eau De Parfum
1308,1970,Nail Polish
1309,1971,Lip Tint
1310,1972,Eau De Toilette
1311,1973,Blush
1312,1975,Blush Brush
1313,1976,Hair Oil
1314,1978,Body Scrub
1315,1979,Hair Mask
1316,1980,Beard Oil
1318,1982,Face Serum
1319,1983,Face Concealer
1320,1985,Body Spray
1321,1986,Face Wash
1322,1988,Eyeshadow Palette
1323,1989,Shampoo
1324,1992,Capsule Ampoule
1325,1993,Nail Polish
1326,1994,Setting Spray
1327,1995,Sheet Mask
1329,1997,Hair Serum
1330,1998,Eau De Parfum
1331,1999,Face Serum
1333,2001,"Mascara, Fixing Tint, Lip Tint & Pouch"
1335,2003,Eau De Toilette Perfume
1336,2008,Conditioner
1337,2010,Body Wash
1339,2013,Body Wash
1340,2015,Blush
1341,2018,Foundation
1342,2019,Face Mask
1343,2020,Liquid Lipstick
1344,2022,Nail Polish
1345,2023,Cream
1346,2024,Hair Serum
1347,2025,Body Oil
1348,2026,Face Brush
1349,2027,Hair Mask
1350,2029,Shampoo
1351,2030,Conditioner
1353,2033,Face Sunscreen
1354,2034,Hair Serum
1355,2036,Hair Serum
1356,2037,Blush
1357,2038,Shampoo
1358,2039,Hair Serum
1359,2041,Eye Gel Patch
1360,2042,Hair Mask
1361,2043,Makeup Brush
1362,2045,Eyeshadow Palette
1363,2046,Body Scrub
1364,2047,Nail Polish
1365,2048,Eau De Parfum
1366,2049,Eyeliner
1367,2052,Blush
1368,2054,Shower Gel & Loofah
1369,2056,Shower Gel
1370,2058,Hair Spray
1371,2059,Shampoo
1372,2061,Mascara
1373,2062,Nail Polish
1374,2067,Deodorant
1375,2068,Concealer
1378,2071,Body Lotion
1379,2073,Shampoo
1380,2074,Hair Oil
1381,2075,Mascara
1382,2076,Blush
1383,2077,Sheet Mask
1384,2078,Face Serum
1385,2079,Shampoo
1386,2082,Eyeliner
1388,2084,Shower Gel
1389,2086,Blush
1390,2089,Shampoo
1391,2091,Hair Cream
1392,2092,Buffing Brush
1393,2094,Nail Polish
1394,2096,Face Serum
1395,2097,Body Oil
1396,2098,Eau De Parfum
1397,2100,Toner
1398,2102,Face Primer
1400,2107,Face Moisturiser
1401,2108,Lipstick
1402,2110,Face Serum
1403,2111,Eau De Parfum
1404,2112,Eyeliner
1405,2115,Eau De Parfum
1406,2118,Body Lotion
1407,2121,Hair Serum
1408,2124,Eau De Toilette
1409,2126,Conditioner
1410,2128,Lipstick
1411,2129,Eau De Toilette
1412,2130,Foundation
1413,2131,Beard Colour Cream
1414,2133,Makeup Brush
1415,2135,Cotton Puff
1416,2137,Eyeshadow Palette
1417,2138,Loose Powder
1418,2139,Nail Polish
1419,2140,Liquid Lipstick
1420,2141,Face Serum
1421,2143,Eyeshadow Palette
1422,2144,Face Serum
1423,2145,Nail Polish
1424,2146,Deodorant
1426,2148,Nail Polish Remover
1427,2149,Face Sunscreen
1429,2154,Lip Balm
1430,2155,Lipstick
1431,2156,Sheet Mask
1432,2157,Highlighter
1433,2158,Body Mist
1434,2159,Face Moisturizer
1436,2162,Eau De Parfum
1437,2163,Body Scrub
1438,2164,"Body Wash, Body Mist & Body Oil"
1439,2165,Razor Cartridge
1440,2166,Kajal
1441,2167,Face Wash
1442,2168,Hair Serum
1443,2169,Face Brush
1444,2171,Eye Shadow
1445,2173,Perfume
1446,2174,Toner
1447,2175,Body Wash
1448,2176,Body Sunscreen
1450,2181,Face Sunscreen
1452,2183,Perfume
1453,2185,Eyeliner
1454,2186,Lip Tint
1455,2187,Eau De Parfum
1456,2188,"Body Wash, Perfume & Bag"
1457,2191,Eau De Toilette Perfume
1458,2193,Conditioner
1459,2194,Eau De Parfum
1460,2195,Body Scrub
1461,2196,Eau De Parfum
1462,2198,Hair Oil
1463,2199,Toner
1464,2200,Sunscreen
1465,2202,Foundation
1466,2204,Nail Polish
1467,2205,Makeup Palette
1468,2206,Nail Polish
1469,2208,Body Wash
1470,2209,Lip Gloss
1471,2210,Eau De Parfum
1472,2212,Compact
1473,2213,Makeup Brush
1474,2215,Nail Polish
1475,2216,Face Oil
1478,2224,Eyeshadow Palette
1479,2226,Shampoo
1481,2228,Body Scrub
1482,2229,Hair Oil
1483,2230,Nail Polish
1484,2231,Eau De Parfum
1485,2232,Eau De Toilette
1486,2233,Eau De Parfum
1487,2236,Compact Powder
1488,2238,Hair Oil
1490,2242,Eau De Parfum
1491,2243,Eau De Parfum
1492,2245,Kajal
1493,2246,Face Sunscreen
1494,2247,Hand Cream
1495,2248,Face Serum
1496,2251,Sheet Mask
1497,2252,Sheet Mask
1498,2253,Hand Cream
1499,2254,Lip Gloss
1500,2255,Body Scrub
1502,2257,Face Moisturiser
1504,2260,Hair Serum
1505,2261,Lipstick
1506,2262,Shampoo
1507,2263,Foundation
1508,2264,Eye Palette
1509,2266,Body Lotion
1510,2267,"Deo, Soap, Bath Shower Gel & After Shave Lotion"
1511,2268,Essential Oil
1512,2269,Bronzer
1513,2271,Perfume
1514,2273,Makeup Remover
1515,2275,Nail Polish
1516,2276,Skin Tint
1517,2277,Deodorant
1518,2278,Lip Tint
1519,2282,Mist Pump
1520,2283,Lip Tint
1521,2285,Hair Mask
1522,2286,Face Mask
1523,2288,Face Moisturiser
1524,2289,Face Moisturiser
1525,2291,Conditioner
1526,2292,Perfume
1527,2293,Face Wash
1528,2294,"Eyeshadows, Lip Butter & Lip and Cheek Tint"
1529,2296,Shampoo
1530,2297,Eau De Parfum
1531,2298,Body Mist
1532,2299,Makeup Sponge
1533,2300,Lip Mask
1534,2301,Lipstick
1535,2302,Hair Serum
1536,2304,Lipstick
1537,2305,Lip Scrub
1538,2307,Face Moisturiser
1539,2310,Face Wash
1540,2311,Hair Serum
1541,2312,Body Scrub
1542,2315,Hair Serum
1543,2316,Body Lotion
1547,2323,Foundation
1548,2326,Blush
1549,2327,Eau De Parfum
1550,2328,Hair Serum
1551,2331,Nail Polish
1552,2332,Liquid Lipstick
1553,2334,Foundation
1554,2335,Makeup Sponge
1555,2337,Sunscreen
1556,2339,Hair Oil
1557,2340,Face Cleanser
1559,2342,Face Sunscreen
1561,2349,Eyeshadow Palette
1562,2350,Liquid Lipstick
1563,2351,Sheet Mask
1565,2353,Eau De Parfum
1566,2354,Body Sunscreen
1567,2355,Hair Serum
1568,2357,Hair Serum
1569,2358,Body Lotion
1570,2359,Face Mask
1571,2361,Lipstick
1572,2362,Compact Powder
1573,2368,"Crystal Wash, Pedi Wash, Pedi Micro Peel, Bubble Gum, Pedi Massage & Pedi Mask"
1574,2369,Body Scrub
1575,2370,Lip Gloss
1576,2373,Beard Colour Cream
1577,2374,Body Lotion
1578,2375,Face Mask
1579,2376,Lip Gloss & Lip Pencil
1580,2377,Eyeshadow Palette
1582,2381,Eyelash Curler
1583,2386,Eau De Parfum & Fragrance Mist
1584,2387,Face Primer
1585,2388,Perfume
1586,2390,Body Spray
1587,2391,Hair Oil
1588,2392,Eau De Parfum
1589,2394,Hair Color Conditioner
1590,2395,Face Sunscreen
1591,2396,Sheet Mask
1592,2397,Skin Cleanser
1593,2398,Liquid Lipstick
1594,2399,Face Wash
1595,2402,Eau De Parfum
1596,2404,Body Lotion
1598,2407,Lip Mask
1599,2408,Eyeshadow Palette
1600,2410,Face Serum
1601,2412,Eye Gel Patch
1602,2413,Eau De Toilette
1603,2414,Body Lotion
1604,2415,Face Serum
1605,2416,Beard Colour Cream
1606,2419,Perfume
1607,2420,Eau De Parfum
1608,2421,Eau De Parfum
1609,2422,Conditioner
1610,2423,Body Lotion
1611,2425,Hair Mask
1612,2427,Blush
1613,2429,Face Mask
1614,2430,Toner
1615,2431,D-Tan Face Pack
1616,2432,Skin Cleanser
1617,2437,Face Serum
1618,2439,Nail Polish
1619,2442,Setting Spray
1620,2444,Lipstick
1621,2447,Body Spray
1622,2449,Eau De Toilette & Shower Gel
1624,2453,Loose Powder
1625,2454,Face Primer
1626,2457,Eau De Toilette
1627,2459,Face Brush
1628,2460,Conditioner
1630,2463,Eau De Toilette
1631,2464,Eye Cream
1632,2465,Body Wash
1633,2466,Body Scrub
1634,2467,Eau De Parfum
1635,2469,Shower Gel
1636,2470,Liquid Lipstick
1637,2472,Hair Oil
1638,2473,Eau De Parfum
1639,2475,Eau De Toilette
1640,2477,Lip Tint
1641,2478,Hair Oil
1642,2479,Perfume
1643,2480,Face Moisturiser
1644,2481,Body Mist
1645,2482,Eyeshadow Palette
1646,2483,Eau De Parfum
1647,2485,Body Lotion
1649,2488,Eau De Toilette
1650,2489,Eye Gel Patch
1651,2490,Hair Mask
1652,2491,Face Brush
1653,2493,Eau De Toilette
1654,2495,Eyebrow Pencil
1655,2496,Mascara
1656,2497,Foundation
1657,2498,Hair Spray
1659,2501,Conditioner
1660,2503,Makeup Remover
1661,2504,Eyeshadow Palette
1662,2507,Body Mist
1663,2508,Nail Polish
1664,2512,Eau De Parfum
1665,2513,Face Sunscreen
1668,2517,Eau De Parfum
1669,2518,Hair Oil
1670,2519,Perfume
1672,2527,Nail Polish
1673,2528,Eau De Parfum
1675,2530,Hair Oil
1676,2532,Lip Gloss
1677,2533,Face Serum
1678,2534,Makeup Brush
1679,2535,Foundation
1680,2536,Hair Serum
1682,2538,Makeup Sponge
1684,2543,Body Wash
1685,2544,Shower Gel
1686,2545,Sunscreen Body Lotion
1687,2546,Eyeshadow Palette
1688,2547,Lip Tint
1689,2549,Strobe Cream
1690,2550,Face Sunscreen
1691,2551,Lipstick
1692,2552,Nail Polish
1693,2554,Liquid Lipstick
1694,2555,Shampoo
1695,2556,Eye Palette
1696,2560,Essential Oil
1697,2561,Hair Oil
1698,2563,Body Wash
1699,2566,Eye Gel Patch
1700,2567,Serum
1701,2568,Lipstick
1702,2569,Eau De Parfum
1703,2570,Shampoo
1704,2571,Face Sunscreen
1705,2572,Face Moisturiser
1706,2573,Deodorant
1707,2574,Shower Oil
1708,2576,Parfum
1709,2580,Shampoo
1710,2581,Face Sunscreen
1711,2583,Blush
1712,2584,Shower Gel
1713,2586,Lipstick
1714,2589,Soap
1715,2591,Eye Cream
1716,2596,Eau De Parfum
1717,2598,Body Polish
1718,2600,Mascara
1719,2601,Roll On
1720,2602,Massage Oil
1721,2604,Sheet Mask
1722,2605,Lip Gloss
1723,2608,Face Serum
1724,2609,Lip Liner
1725,2610,Eau De Parfum
1726,2611,Face Brush
1727,2612,Perfume
1728,2615,Shower Gel
1729,2616,Face Moisturiser
1730,2618,Eau De Parfum
1731,2619,Face Sunscreen
1732,2621,Body Lotion
1733,2623,Acne Spot Gel
1734,2624,Foundation
1735,2625,Hair Oil
1736,2626,Hair Oil
1737,2629,Body Lotion
1738,2631,Body Mist
1739,2633,Eau De Parfum
1740,2637,Hair Color Conditioner
1741,2638,Hair Color Creme
1742,2639,Eye Brush
1743,2641,Face Moisturiser
1744,2642,Hair Mask
1745,2645,Hair Serum
1746,2646,Body Wash
1747,2650,Powder Highlighter
1748,2651,Body Groomer
1749,2654,Highlighter
1750,2657,Body Groomer
1751,2661,Toner
1752,2663,Perfume
1753,2666,Face Moisturizer
1754,2667,Body Lotion
1755,2668,Perfume
1756,2669,Face Cream
1757,2670,Nail Polish
1759,2674,Foundation
1760,2675,Face Sunscreen
1761,2676,Lip Tint
1762,2677,Eye Shadow
1763,2678,Face Moisturiser
1764,2679,Shampoo
1765,2680,Hair Serum
1767,2682,Toner
1768,2684,Shampoo
1769,2687,Face Serum
1770,2688,Eau De Toilette
1771,2690,Eau De Parfum
1772,2691,Nail Polish
1773,2692,Sunscreen
1774,2693,Nail Polish
1775,2695,Body Wash
1776,2696,Hair Serum
1777,2697,Lip Balm
1778,2698,Deodorant
1779,2699,Massage Oil
1780,2700,Setting Spray
1781,2702,Body Lotion
1782,2703,Kajal
1784,2705,Eau De Toilette
1785,2707,Kohl Kajal
1786,2710,Deodorant Spray
1787,2712,Sheet Mask
1789,2715,Beard Oil
1790,2716,Liquid Lipstick
1791,2717,"Shower Gel, Body Lotion & Loofah"
1792,2719,Lipstick
1793,2720,Blush
1794,2721,Eyeshadow Palette
1795,2724,Makeup Brush
1796,2726,Shampoo
1797,2727,Eau De Parfum
1798,2728,Hair Oil
1799,2729,Face Primer
1800,2734,Eye Palette
1801,2735,Face Sunscreen
1802,2736,Liquid Lipstick
1805,2739,Face Serum
1806,2740,Lipstick
1808,2745,Loose Powder
1809,2747,Face Sunscreen
1810,2748,Liquid Lipstick
1811,2750,Hair Serum
1812,2751,Body Lotion
1813,2752,Nail Polish
1814,2753,Mascara Lash Brush
1815,2754,Blush
1816,2755,Hair Serum
1817,2756,Perfume
1818,2757,Perfume
1820,2759,Eau De Parfum
1821,2761,Body Scrub
1822,2762,Face Mask
1823,2763,Body Sunscreen Lotion
1824,2765,Deodorant
1825,2766,Body Lotion
1826,2768,Face Sunscreen
1827,2769,Deodorant
1828,2771,Parfum
1829,2775,Lip Tint
1830,2776,Face Wash
1831,2777,Eau De Toilette
1832,2779,Nail Polish
1834,2781,Face Sunscreen
1835,2782,Night Cream
1836,2783,Body Wash
1837,2784,Makeup Brush
1838,2786,Eau De Toilette
1840,2789,Body Wash
1842,2792,Hair Mask
1843,2796,Lipstick
1844,2798,Kajal
1845,2800,Massage Oil
1846,2802,Toner
1847,2803,Conditioner
1848,2804,Body Mist
1849,2805,Eau De Parfum
1850,2806,Hair Mask
1851,2807,Face Scrub
1852,2808,Face Mask
1853,2814,Nail Polish
1854,2815,Face Primer
1855,2821,Eau De Parfum
1856,2822,Shaving Gel
1857,2823,Hair volume Powder
1858,2824,Face Brush
1859,2825,Hair Serum
1860,2826,Nail Polish
1861,2827,Body Mist
1862,2828,Eau De Parfum
1863,2830,Face Sunscreen
1864,2832,Face Moisturiser
1865,2834,Eau De Parfum
1866,2835,Shampoo
1867,2836,Nail Polish
1868,2837,Conditioner
1869,2839,Eau De Parfum
1870,2840,Lipstick
1871,2841,Essential Oil
1872,2845,Lipstick
1873,2848,Hair Color
1874,2851,Blush
1875,2853,Shampoo
1876,2854,Liquid Lipstick
1877,2856,Body Butter
1878,2857,Body Wash
1879,2859,Body Mist
1881,2866,Face Moisturiser
1882,2867,Hair Serum
1883,2868,Eau De Toilette
1884,2869,Facial Cream
1885,2872,Body Lotion
1886,2873,Foundation
1887,2874,Eau De Parfum
1888,2875,Blush
1889,2876,Blush
1890,2878,Shower Oil
1891,2880,Eau De Parfum
1892,2885,Nail Polish
1893,2886,Perfume
1894,2887,Eau De Toilette
1895,2888,Eau De Parfum
1896,2891,Shampoo
1897,2892,Body Wash
1898,2893,Blush
1899,2894,Nail Polish Remover
1900,2895,Eyeliner
1901,2896,Deodorant
1902,2898,Massage Oil
1903,2899,Body Lotion
1904,2900,Eau De Toilette
1905,2902,Hair Serum
1907,2905,Makeup Remover
1908,2906,Hair Color
1909,2908,Face Mask
1910,2909,Color Corrector
1911,2910,Deodorant
1912,2911,Sleeping Face Mask
1913,2912,Eau De Parfum & Deodorant
1914,2913,Hair Wax
1916,2917,Perfume
1919,2924,Face Sunscreen
1920,2925,Shampoo
1921,2926,Eau De Parfum
1922,2927,Face Sunscreen
1923,2929,Liquid Blush
1924,2930,Massage Oil
1925,2931,Eau De Parfum
1927,2936,Face Brush
1928,2937,Hair Color Conditioner
1929,2938,Body Lotion
1930,2939,Face Mask
1932,2943,Liquid Lipstick
1933,2944,Eau De Parfum
1934,2946,Lip Balm
1935,2947,Highlighter Pressed Powder
1936,2949,Scalp Serum
1937,2950,Beard Colour Cream
1938,2951,Blush
1939,2953,Blush
1940,2954,Nail Polish
1941,2955,Body Lotion
1942,2956,Body Lotion
1943,2957,Makeup Remover
1944,2959,Shampoo
1945,2961,Nail Polish
1946,2964,Roll On
1947,2965,Cotton Puff
1948,2966,Lip Gloss
1949,2968,Cleanser
1950,2970,Eau De Parfum
1952,2973,Face Serum
1953,2975,Eau De Parfum
1954,2976,Body Lotion
1955,2977,Face Wash
1956,2979,Eau De Parfum
1957,2980,Deodorant Roll On
1958,2982,Beard Colour Cream
1959,2983,Sheet Mask
1960,2984,Lip Mask
1961,2985,Hair Serum
1962,2986,Lipstick
1963,2988,Hair Serum
1964,2989,Makeup Remover
1965,2991,Eye Palette
1966,2992,Face Mask
1967,2994,"Face Wash, Face Scrub & Cream"
1968,2995,Eau De Parfum
1969,2996,Shower Gel
1970,2997,Nail Polish
1971,2998,Eau De Parfum
1972,2999,Eye Palette
1973,3000,Body Lotion
1974,3002,Roll On
1975,3004,Body Lotion
1976,3006,Eau De Toilette
1978,3010,Blush
1979,3014,Eau De Parfum
1980,3015,"Liquid Blush, Lip Gloss & Lip Liner"
1981,3016,Lipstick
1982,3017,Face Moisturizer
1984,3020,Cleanser
1985,3023,Lip Balm
1986,3024,Face Wash
1988,3027,Bronzer
1989,3028,Lipstick
1990,3032,Conditioner
1991,3033,Hair Mask
1992,3034,Serum
1993,3035,Eau De Parfum
1994,3037,Body Cleanser
1995,3038,Body Wash
1996,3039,Face Pack
1997,3040,Face Moisturiser
1998,3042,Eau De Toilette
1999,3043,Body Lotion
2000,3044,Body Wash
2002,3047,Eau De Parfum
2003,3048,Eyeliner
2004,3049,Face Wash
2005,3050,Eau De Parfum & Pen Spray
2008,3053,Face Wash
2009,3056,Conditioner
2011,3059,Conditioner
2012,3060,Nail Polish
2013,3061,Trimmer
2014,3062,Hair Serum
2015,3063,Lip Mask
2016,3064,Hair Serum
2017,3066,Lipstick
2018,3067,Hair Serum
2019,3068,CC Cream
2020,3069,Sunscreen
2021,3070,Aloe Shave Gel
2022,3071,Eau De Parfum
2023,3072,Eyebrow Enhancer Pencil
2024,3073,Eau De Parfum
2026,3075,Shampoo
2027,3076,Lip Balm
2028,3077,Eye Palette
2029,3082,Hair Serum
2031,3084,Face Sunscreen
2032,3086,Blush
2033,3087,Mascara
2034,3088,Bath Glove
2035,3089,Face Mask
2036,3091,Eyebrow Pencil
2037,3097,Shower Oil
2038,3098,Lipstick
2039,3099,Shampoo
2040,3102,Hair Serum
2041,3103,Hair Serum
2042,3104,Eyeshadow Palette
2043,3106,Compact Powder
2044,3107,Deodorant
2045,3108,Shampoo
2046,3109,Shampoo
2047,3110,Perfume
2048,3111,Hair Oil
2050,3114,Face Primer
2051,3115,Lip Liner
2052,3116,Body Scrub
2053,3118,Eau De Parfum
2054,3120,Eau De Parfum
