product_id,sub_category
2,Perfume
3,Eye Palette
4,Shower Gel
5,Shower Gel
6,Colour Corrector
7,Face Sunscreen
8,Eau De Parfum
10,Acne Scar Removal Gel
12,Body Scrub
14,Perfume
20,Eau De Toilette Perfume
21,Lip Liner
22,Face Mask
24,Hair Mask
25,Eau De Parfum
28,Face Moisturizer
29,Face Wash
30,Body Oil
31,Lip Balm
33,Cleanser
34,Lipstick
35,Face Moisturiser
38,Massage Oil
40,EDP Perfume
41,Face Scrub
42,Highlighter
45,Eau De Parfum
46,Face Sunscreen
47,Face Moisturizer
48,Body Lotion
51,Kajal
52,Nail Polish
53,Bronzer
54,Eau De Parfum
55,Foundation
56,Eau De Parfum
57,Face Wash
58,Perfume
59,Conditioner
60,Contour Powder
61,Face Mask
62,Eye Palette
63,Hand Cream
64,Lipstick
67,Face Sunscreen
70,Face Razor
72,Nail Polish
73,Eau De Parfum
74,Hair Serum
75,Hair Serum
76,Eau De Parfum
77,Hair Mask
80,Massage Oil
81,Eyebrow Pencil
85,Body Mist
86,Hair Oil
87,Eau De Parfum
90,Lipstick
91,Face Moisturiser
92,Eau De Parfum
93,Nail Polish Remover
94,Shampoo
97,Parfum
98,Face Moisturiser
100,Eau De Parfum
101,Liquid Lipstick
102,Perfume
106,Face Sunscreen
107,Highlighter
108,Body Spray
112,Eye Palette
113,Makeup Remover
115,Concealer
118,Shower Gel
120,Kajal
121,Eau De Toilette
123,"Shower Gel, Face Wash & Bath Salt"
125,Setting Powder
129,Kohl Kajal
130,Eau De Parfum
132,Sleeping Face Mask
133,Nail Polish
136,Nail Polish Remover
139,Eau De Parfum
140,Eau De Toilette
142,Lip Mask
144,Body Scrub
148,Face Serum
149,Shower Gel
151,Compact Powder
155,Deodorant Perfume
157,Face Wash
158,Nail Polish
159,Compact Powder
161,Body Wash
162,Lip Tint
163,Eau De Toilette
165,Face Sunscreen
166,Foundation
168,Massage Oil
172,Face & Eye Brush
173,"Body Wash, Body Lotion, Soap, Hand Cream & Bath Soap"
175,Makeup Brush
176,Face Moisturiser
178,Blush
180,Lip Mask
181,Eau De Parfum
182,Sheet Mask
183,Lipstick
185,Sheet Mask
186,Lipstick
187,Nail Polish
190,Liquid Lipstick
191,Eau De Parfum
192,Nail Polish
193,Body Wash and Body Lotion
194,Perfume
198,Eye Cream
199,Eau De Parfum
200,Nail Polish
201,Lip Mask
203,Body Mist
204,"Body Wash, Body Scrub & Exfoliating Glove"
205,Kajal
206,Perfume
207,Face Moisturizer
208,Eye Shadow
209,Face Wash
210,Liquid Lipstick
211,Hair Oil
218,Massage Oil
219,Sleeping Mask
220,Face Sunscreen
221,Eau De Toilette
222,Eau De Toilette
223,Hair Serum
225,Face Mask
226,Face Brush
227,Liquid Highlighter
229,Hair Serum
230,Face Mask
232,Face Scrub
233,Hand Cream
234,Nail Polish
236,Hand Cream
238,Eye Gel Patch
239,Body Scrub
245,Shampoo
247,Deodorant
248,Contour Powder
249,Hair Oil
251,Hand Mask
252,Trimmer
253,Hair Cream
255,Foundation
256,Night Cream
261,Eau De Parfum
263,Soap
264,Face Serum
265,Conditioner
266,Highlighter Pressed Powder
267,Eyebrow Pomade
268,Sunscreen Gel
269,Body Lotion
270,Face Moisturiser
271,Contour
274,Face Mask
275,Face Serum
277,Face Sunscreen
278,Hair Clay
279,Lip Tint
280,Lipstick
282,Body Wash
283,Lipstick
285,Face Cleanser
286,Face Wash
287,Eyeshadow Palette
288,Body Sunscreen
291,Blush
292,Nail Polish
293,Lip Mask
295,Body Wash
297,Eyeliner
300,Lip Gloss
301,Hair Oil
302,Body Lotion
304,Makeup Organiser Bag
305,Face Serum
306,Nail Polish
308,Nail Polish
310,Body Mist
311,Body Scrub
312,Makeup Palette
314,Foundation
316,Sheet Mask
317,Mascara
318,Trimmer
320,Trimmer
321,Hair Oil
322,Eau De Parfum
326,Body Mist
327,Body Scrub
328,Nail Polish
331,Hand + Nail Cream
332,Deodorant
333,Lipstick
334,Sleeping Mask
337,BB Cream
339,Eau De Parfum
342,Eau De Toilette
344,Massage Oil
345,Eau De Toilette
346,Perfume
347,Eau De Parfum
349,Eyeliner
350,Makeup Palette
351,Face Sunscreen
352,Body Mist
355,Hair Serum
356,Eau De Toilette
357,Hair Oil
358,Eau De Perfume
359,Shampoo
361,Hair Oil
365,Hair Serum
366,Body Lotion
368,Hair Oil
369,Face Serum
370,Face Sunscreen
371,Body Lotion
372,Eau De Toilette
374,Massage Oil
376,Makeup Remover
380,Conditioner
382,Eau De Toilette
383,Body Wash
384,Deodorant
385,Body Sunscreen
387,Eau De Parfum
388,Nail Polish
390,Foundation
392,Hair Oil
394,Shampoo
396,Body Scrub
398,Kajal
400,Eau De Toilette
402,Nail Polish
405,Face Serum
406,Eau De Toilette
408,Nail Polish
409,Lip Tint
412,Eyeshadow Palette
413,Conditioner
414,Conditioner
415,Face Pack
417,Eau De Parfum
418,Lipstick
420,Lip Oil
421,Eyeliner
422,Body Scrub
423,Blush
424,Eau De Parfum
425,Nail Polish
427,Deodorant
429,Body Scrub
430,Liquid Lipstick
431,Highlighter Pressed Powder
432,Lipstick
433,Cotton Puff
434,Highlighter Pressed Powder
435,Lip Stain
436,Hair Serum
437,Face Concealer
439,Eau De Toilette
440,Kajal
441,Hair Color
444,Liquid Lipstick
445,Blush
446,Face Serum
447,Makeup Remover Oil
448,Shampoo
450,Body Mist
451,Eau De Toilette
452,Deodorant
456,Hair Spray
457,EDP Perfume
458,Face Primer
459,Deodorant
461,Shower Gel
463,Body Lotion
464,Body Wash
465,Nail Polish
470,Body Lotion
471,Face Wash
472,Shower Gel
473,Deodorant
475,Body Lotion
478,Makeup Palette
479,Hair Serum
481,Nail Polish Remover
482,Face Cleanser
485,Hair Serum
486,Face Wash
490,Face Wash
491,Body Lotion
495,Hair Serum
496,Liquid Lipstick
497,Hair Oil
498,Conditioner
500,Ball Sack Spray
501,Eau De Parfum
502,Loose Powder
504,Nail Polish
505,Liquid Lipstick
506,Deodorant Roll On
508,Beard Wash
512,Day Cream
513,Trimmer
514,Body Scrub
515,Eye Palette
516,Face Serum
517,Shower Gel
518,Eau De Toilette
520,Body Spray
521,Hair Mask
522,Blush & Highlight Palette
523,Blade Razor & Cartridge
524,Overnight Mask
526,Eyeshadow Palette
527,Liquid Lipstick
529,Hair Mask
530,Nail Polish Remover Wipe
531,Eau De Toilette
532,Conditioner
533,Face Primer
534,Setting Spray
536,Eau De Toilette
537,Body Lotion
538,Hair Oil
539,Face Wash
540,Hair Gel
541,Deodorant
543,Lip Liner
546,Hair Oil
547,Deodorant
548,Deodorant
551,Hair Serum
552,Lipstick
553,Hair Color Conditioner
554,Shampoo
555,Face Cleanser
556,Manicure Pedicure Tool
557,Sunscreen
558,Body Mist
559,Eyeliner
560,Body Splash
561,Eye Shadow
562,Cleansing Oil
563,Makeup Brush
564,Perfume
566,Skin Cleanser
569,Nail Polish Remover Wipe
570,Skin Toner
572,Hair Gel
574,Face Concealer
575,Hair Oil
576,Lip Tint
577,Lip Tint
578,Lipstick
579,Acne Patch
580,Eau De Parfum
582,Lipstick
583,Massage Oil
584,Eau De Parfum
585,Foundation
587,Deodorant
590,"Face Wash, Face Scrub & Brightening Cream"
591,Face Sunscreen
592,Nail Polish
594,Liquid Lipstick
595,Nail Polish
597,Face Sunscreen
599,Hair Serum
601,Eyebrow Pencil
603,"Face Wash, Face Scrub, Body Wash & Body Scrub"
604,Eau De Toilette
605,Shampoo
606,Body Lotion
607,Mascara
609,Perfume
610,Hair Oil
614,Blush
615,Eyelash Curler
617,Foundation
622,Shaver
623,Lip Gloss
624,Eyeshadow Palette
625,Lipstick
627,Sheet Mask
628,Deodorant
629,Eau De Parfum
630,Eye Palette
631,Eye Palette
633,Body Scrub
638,Eau De Parfum
639,Body Wash
640,"Shower Gel, Body Lotion, Bath Salt, Bathing Bar & Potli with Bud"
641,Setting Spray
642,Shower Gel
643,Face Mask
645,Shower Gel
646,Body Wash
647,Face Sunscreen
648,Hair Oil
651,Lip Tint
658,Lipstick
661,Face Wash
662,Lipstick
663,Eau De Parfum
664,Body Sunscreen
666,Conditioner
667,Body Scrub
668,Eau De Parfum
670,Face Wash
672,Parfum
673,Shampoo
674,Soap
675,Peeling Solution
676,Deodorant
677,Face Sunscreen
680,Setting Spray
683,Eau De Parfum
684,Lip Liner
685,Lip Liner
686,Eye Shadow
687,Face Sunscreen
688,Eau De Toilette
691,Skin Cleanser
696,Body Wash
698,Eyebrow Enhancer Pencil
702,Eau De Parfum
703,Nail Polish
704,Face Moisturizer
707,Lipstick
708,Eye Palette
712,Face Wash
713,Nail Polish
714,Conditioner
715,Eau De Parfum
716,Face Mask
718,Eau De Toilette
719,Perfume
720,Eyeshadow Palette
721,Blush
723,Nail Polish
724,Nail Glue
725,Facial Cream
727,Face Serum
728,Eau De Toilette
729,Foundation
730,Makeup Remover
732,Body Lotion
736,Nail Polish
737,Hair Mask
739,Shampoo
740,Liquid Highlighter
741,Nail Polish
743,Blush
744,Lip Tint
746,Body Scrub
747,Shampoo
748,Lip Gloss
749,Eau De Parfum
752,Eau De Parfum
753,Face Serum
760,Body Butter
764,Face Wash
767,Eyeliner
768,Highlighter
769,Hair Cream & Hair Gel
771,Eye Shadow Stick
772,Hair Serum
774,Makeup Remover
775,Eyeshadow Palette
777,Kajal
778,Deodorant
779,Eau De Toilette
780,"Face Wash, Face Serum, Sheet Mask & Perfume"
782,Kajal
783,Bronzer
784,Lip Tint
785,"Eye Mask, Sleeping Mask & Lip Treatment"
786,Hair Mask
787,Face Moisturiser
790,Eye Pencil
791,Shower Gel
793,Parfum
796,Face Primer
797,Eau De Toilette
798,Face Serum
799,Face Moisturizer
800,Body Scrub
801,Eyelash
802,Nail & Cuticle Oil
803,Makeup Brush
804,Highlighter
807,Hair Serum
808,Body Scrub
809,Nail Polish
810,Blush
811,Body Scrub
813,Hair Oil
814,Body Wash
815,Mascara
816,Conditioner
817,Blush
820,Blusher & Highlighter Palette
821,Hair Serum
822,Makeup Remover
823,Sheet Mask
824,Body Lotion
825,Eye Serum
826,Eau De Toilette
827,Face Sunscreen
828,Foundation
830,Toner
832,Compact
833,Cuticle Softener
836,Eye Pen
837,Eyeshadow Palette
838,Soap
839,Body Wash
843,Face Mask
846,Face Sunscreen
847,Eyeshadow Palette
848,Nail Polish
849,Eau De Parfum
850,Makeup Pouche
852,Mascara
854,Blush
855,Hair Oil
856,Face Sunscreen
858,Pore Refiner Cream
859,Hair Serum
860,Shampoo
861,Bronzer
863,Shower Gel
864,Lip Gloss
865,BB Cream
866,Body Lotion
867,Body Wash
870,Mascara
872,Body Lotion
876,Body Lotion
878,Eyeshadow Palette
879,Massage Oil
880,Face Sunscreen
883,Deodorant
884,Eau De Parfum
885,Trimmer
887,Shower Gel
889,Body Sunscreen
893,Eau De Toilette
895,Body Wash
896,Face Scrub
898,Mascara
899,Highlighter
900,Eau De Parfum
902,Mascara
903,Beard Colour Cream
904,Body Scrub
906,Eau De Parfum
908,Eye Shadow
909,Face Moisturiser
911,Cleanser
912,Cologne
913,Mascara
917,Nail Polish
918,Eau De Toilette
921,Liquid Lipstick
922,Body Lotion
923,Hair Serum
926,Body Scrub
927,Hair Serum
928,Hair Serum
929,Body Scrub
932,Makeup Brush
934,"Face Wash, Face Scrub, Peel-Off Mask & Face Cream"
936,Lip Balm
937,Hair Serum
939,Nail Polish
940,Eyeshadow Palette
941,Toner
942,Cream
943,Deodorant
944,Face Mask
945,Nail Polish
947,Mascara
948,Scrubs & Exfoliators
949,Hair Serum
950,Beard Oil
953,Conditioner
955,Shampoo
956,Eau De Parfum
957,Hair Serum
959,Lip Gloss
960,Body Lotion
961,Perfume
962,Eyeliner
964,Nail Polish Remover
965,Face Moisturiser
967,Lip Tint
970,Conditioner
972,Face Mask
974,Skin Cleanser
976,Shower Gel
978,Eau De Toilette
979,Eyeshadow Palette
982,Eau De Toilette
984,Lipstick
986,Face Moisturizer
989,Blush
990,Face Wash
991,Loose Powder
993,Lip Liner
996,Concealer
997,Makeup Brush
998,Eyeshadow Palette
999,Lip Tint
1000,Eau De Parfum
1004,Sheet Mask
1006,Blush Highlighter
1008,Lip Balm
1009,Foot Mask
1010,Body Wash
1011,Highlighter
1013,Face Moisturizer
1017,Facial Cream
1019,Hair Oil
1022,Body Lotion
1023,Nail Polish
1025,Blush
1026,Hair Oil
1028,Cleanser
1029,Kajal
1030,Body Wash
1033,Body Wash
1034,Lipstick
1035,Face Mask
1040,Lipstick
1041,Stick Mask
1042,Shampoo
1044,Face Sunscreen
1045,Facial Cream
1046,Hair Serum
1048,Nail Polish
1050,Kohl Pencil
1051,Eau De Toilette
1052,Sheet Mask
1053,Hair Serum
1054,Toner
1058,Liquid Lipstick
1060,Hair Oil
1062,Liquid Lipstick
1066,Toner
1067,Eau De Parfum
1068,Eyeshadow Palette
1069,Eau De Parfum
1071,Intimate Lotion
1073,Shampoo
1074,Perfume
1075,Eau De Parfum
1077,"Soap, Shaving Cream, Shaving Brush, After-Shave Lotion & Body Spray"
1078,Essential Oil
1079,Loose Powder
1080,Eyebrow Gel
1081,Conditioner
1082,Cleanser
1084,Eau De Parfum
1086,Face Sunscreen
1087,Setting Spray
1088,Hair Oil
1089,Face Serum
1090,Face Cream
1091,Eau De Parfum
1092,Eau De Parfum
1094,Body Lotion
1095,Hair Serum
1097,Face Sunscreen
1098,Eau De Toilette
1099,Face Oil
1102,Face Sunscreen
1103,Bronzer
1105,Body Sunscreen Lotion
1106,Mascara
1108,Eau De Parfum
1109,Body Lotion
1112,Face Sunscreen
1113,Shampoo
1114,Hair Serum
1115,Makeup Sponge
1116,Makeup Sponge
1118,Conditioner
1119,Face Mask
1120,Toner
1121,Puff
1122,Hair Serum
1123,Massage Oil
1124,Lipstick
1125,Eau De Parfum
1126,Face Cleanser
1135,Body Spray
1136,Eau De Toilette
1137,Face Wash
1139,Eau De Toilette
1140,Face Wash
1142,Face Oil
1143,Face Primer
1144,Shower Gel
1146,Face Moisturiser
1147,Under Arm Roll On
1149,Mascara
1150,Face Palette
1152,Hair Serum
1153,Eyelash Curler
1154,Face Brush
1159,Mascara
1161,Brow Gel
1162,Body Scrub
1163,Face Moisturiser
1164,Body Scrub
1166,Eau De Parfum
1170,Body Scrub
1171,Eau De Parfum
1172,Face Sunscreen
1173,Makeup Remover
1175,Eyeliner
1176,Body Mist
1177,Setting Spray
1179,Talc
1180,Face Sunscreen
1181,Lip Cream
1182,Face Moisturiser
1183,Nail Polish
1184,Body Lotion
1185,Hair Mask
1186,Conditioner
1187,Body Mist
1189,Makeup Sponge
1191,Eau De Parfum
1196,Toner
1198,Deodorant
1200,Face Peel Mask
1203,Eau De Parfum
1204,Perfume
1205,Bronzer
1206,Face Scrub
1207,Shower Gel
1208,Kajal & Sharpener
1211,Eyeliner
1213,Soap
1214,Lip Gloss
1215,Eau De Parfum
1216,Eau De Parfum
1217,Shampoo
1219,Eyebrow Enhancer Pencil
1220,Nail Polish
1223,Face Serum
1227,Blush
1228,Sheet Mask
1229,Face Sunscreen
1231,Foundation
1234,Shower Gel
1236,Blush
1238,Eau De Parfum
1240,Sheet Mask
1241,Toner
1242,Eau De Toilette
1243,Lip Crayon
1244,Eau De Parfum
1245,Toner
1247,Eau De Parfum
1248,Lip Mask
1249,Hair Oil
1254,Face Sunscreen
1256,Skin Cleanser
1257,Lipstick
1262,Face Sunscreen
1263,Kajal
1264,Lip + Cheek Tint
1265,Sunscreen
1266,Hair Oil
1268,Foundation
1269,Foundation
1271,Face Peel Mask
1272,Eau De Toilette
1275,Lip Balm
1276,Face Moisturiser
1279,Liquid Lipstick
1280,Lipstick
1281,Mascara
1282,Body Lotion
1285,Body Mist
1288,Lipstick
1289,Eau De Toilette
1292,Blush
1296,Lip Tint
1297,Face Moisturiser
1298,Face Moisturiser
1301,Eau De Parfum
1302,Eau De Parfum
1303,Blush
1304,Liquid Lipstick
1306,Eau De Parfum
1307,Face Wash
1308,Eyeliner
1309,Hair Serum
1311,Body Wash
1313,Eau De Parfum
1315,Body Mist
1316,Eyebrow Enhancer Pencil
1317,Face Brush
1318,Face Brush
1320,Body Scrub
1322,Face Moisturizer
1323,Body Lotion
1325,Body Lotion
1326,Lip Oil
1328,Face Sunscreen
1329,Lip Tint
1333,Hair Band
1334,Face Mask
1335,Foot Socks Mask
1336,Body Spray
1337,Lipstick
1340,Nail Polish
1344,Body Moisturiser
1345,Eau De Parfum
1346,Lipstick
1348,Hair Serum
1351,Sleeping Face Mask
1353,Face Moisturiser
1355,Face Cream
1356,Lip Tint
1357,Roll On
1360,Eau De Toilette
1361,Nail Polish
1362,Face Sunscreen
1363,Hair Oil
1367,Liquid Lipstick
1368,Nail Polish
1369,Color Corrector
1371,Hair Serum
1372,Face Serum
1373,Blush Brush
1375,Body Wash
1376,Hair Serum
1377,Eau De Parfum
1378,Eyeliner
1379,Face Cleanser
1380,Eau De Parfum
1381,Kajal
1382,Skin Cleanser
1383,Eau De Parfum
1385,Hair Serum
1386,Hair Serum
1387,Lipstick
1388,Eau De Parfum
1389,Body Lotion
1390,Face Brush
1394,Foundation
1396,Soap
1398,Hair Serum
1399,Eau De Parfum
1401,Body Scrub
1402,Face Primer
1405,Eau De Parfum
1406,Toner
1407,Massage Oil
1408,Toner
1412,Mascara
1415,Nail Polish
1418,Body Scrub
1419,Face Cleanser
1424,Hair Mask
1425,Lipstick
1426,Sunscreen Moisturizer
1427,Eau De Parfum
1428,Eau De Parfum
1430,Hair Oil
1432,Loose Powder
1433,Blush
1435,Nail Polish
1437,Setting Spray
1438,Body Lotion
1440,Body Lotion
1441,Hair Oil
1444,Conditioner
1446,"Shower Gel, Body Lotion & After Bath Oil"
1448,Hair Spray
1450,Eyebrow Pencil
1451,Body Wash
1452,Eye Gel Patch
1453,Eyeshadow Palette
1454,Foundation
1455,Makeup Palette
1456,Makeup Organiser Bag
1458,Nail Polish
1460,Shower Gel
1461,Face Moisturiser
1464,Body Peel
1466,Face Moisturiser
1468,Eyeliner
1469,Sleeping Mask
1471,Body Lotion
1472,Hair Oil
1473,Eau De Toilette
1476,Eau De Toilette
1477,Shampoo
1479,Liquid Lipstick
1480,Face Serum
1482,Eau De Parfum
1483,Deodorant
1485,Eau De Parfum
1486,Eau De Parfum
1487,Deodorant
1489,Body Spray
1491,Body Wash
1492,Under Arm Roll On
1498,Eau De Parfum
1499,Eyebrow Gel
1503,Foundation
1505,Face Moisturizer
1510,Deodorant
1511,Conditioner
1512,Eyeshadow Palette
1514,Hair Oil
1517,Hair Oil
1519,Face Cleanser
1520,Parfum
1521,Face Wash
1522,Lip Balm
1524,Hair Oil
1525,Hair Serum
1527,Shampoo
1528,Hair Cream
1529,Hair Cream
1532,Shampoo
1533,Conditioner
1534,Lipstick
1535,Perfume
1537,Lipstick
1538,Lip Crayon
1540,Lip Tint
1541,Face Moisturiser
1542,Hair Serum
1545,Aftershave Lotion
1546,"Moisturizer Cream, Skin Cream & Sleeping Mask"
1547,Eau De Parfum
1548,Eau De Parfum
1553,Hair Color Creme
1554,Mascara
1555,Lip Tint
1557,Nail Polish Remover
1558,Eau De Parfum
1560,Nail Polish
1563,Eau De Parfum
1564,Eau De Parfum
1565,Eau De Parfum
1566,Eau De Parfum
1567,Lipstick
1569,Eau De Parfum
1572,Liquid Lipstick
1573,Sheet Mask
1575,Blush
1578,Face Oil
1579,Face Serum
1586,Deodorant Spray
1588,Body Wash
1591,Face Moisturiser
1592,Liquid Lipstick
1593,Body Scrub
1596,Eyeshadow Palette
1598,Nail Polish
1600,Nail Polish
1603,Face Brush
1604,Face Mask
1605,Lip Tint
1607,Eau De Toilette
1608,Eau De Toilette
1609,Body Lotion
1611,Lipstick
1612,Foundation
1615,Face Wash
1619,Sunscreen
1620,Body Lotion
1621,Deodorant
1623,Liquid Lipstick
1625,Body Lotion
1627,Lip Gloss
1629,Hair Serum
1630,Lipstick
1632,Body Lotion
1638,Blush
1640,Makeup Sponge
1641,Clay Face Mask
1644,Concealer
1646,Deodorant
1647,Body Wash
1648,Face Mist
1651,Face Wash
1652,Shampoo
1656,Concealer
1660,Hair Color Conditioner
1661,Bath Loofah
1664,Conditioner
1665,Makeup Remover
1668,Blush
1673,Hair Brush
1675,Eau De Parfum
1676,Body Scrub
1678,Face Mask
1679,Face Sunscreen
1681,Face Mask
1683,Face Wash
1685,Body Wash
1686,Makeup Remover
1695,Toner
1697,Liquid Lipstick
1698,Conditioner
1699,Hair Oil
1700,Eau De Toilette
1705,Face Scrub
1707,Mascara
1708,Eyeshadow Palette
1712,Nail Polish
1713,Toner
1714,Eye Gel Patch
1715,Hair Serum
1716,Face Sunscreen
1717,Face Moisturizer
1718,Deodorant
1720,Eau De Parfum
1722,Blush
1725,Perfume
1726,Body Lotion
1727,Eau De Parfum
1729,Facial Cleanser
1730,Face Sunscreen
1731,Blush
1734,Body Lotion
1735,Face Concealer
1736,Body Lotion
1737,Blush Brush
1739,Deodorant
1742,Lipstick
1743,Lip Balm
1744,Hair Serum
1745,Hair Oil
1747,Sheet Mask
1748,Face Sunscreen
1749,Face Sunscreen
1750,Hair Serum
1751,Face Sunscreen
1752,Hair Oil
1753,Nail Polish
1754,Lipstick
1755,Blush
1756,Face Primer
1757,Liquid Lipstick
1758,Face Sunscreen
1759,Loose Powder
1761,Body Wash
1762,Lip Liner
1763,Hair Oil
1764,Eyeliner
1765,Eye Palette
1766,Face Serum
1769,Nail Polish
1770,Face Serum
1772,Eye Serum
1773,Body Mist
1774,Conditioner
1777,Lip Liner
1779,Hair Oil
1780,Toner
1781,Face Scrub
1782,Face Moisturizer
1783,Face Sunscreen
1784,Eau De Parfum
1787,Parfum
1788,Blush
1789,Hair Mask
1790,Eau De Parfum
1792,Nail Polish
1796,Body Scrub
1798,Body Mist
1799,Eau De Toilette
1804,Eau De Toilette
1806,Loose Powder
1807,Eau De Parfum
1808,Body Wash
1811,Body Scrub & Body Polishing Oil
1812,Color Corrector
1816,Face Serum
1818,Eyeshadow Palette
1819,Body Lotion
1820,Lipstick
1822,Shower Cream
1824,Lip Balm
1828,Face Cleanser
1829,Compact
1830,Nail Polish
1831,Trimmer
1833,Eau De Parfum
1834,Hair Serum
1835,Face Serum
1837,Shower Gel
1842,Eau De Parfum
1843,Eyeliner
1844,Deodorant
1846,Makeup Sponge
1850,Face Primer
1852,Conditioner
1853,Lip Tint
1854,Lip Tint
1859,Eau De Toilette
1860,Hair Oil
1864,Makeup Brush
1866,Face Moisturizer
1869,Eye Palette
1870,Perfume
1872,Eau De Parfum
1873,Face Serum
1874,Blender
1875,Deodorant
1878,Perfume
1879,Foundation
1881,"Toner, Moisturizing Cream & Moisturizing Emulsion"
1882,Face Serum
1883,Beard Oil
1885,Eau De Toilette
1888,Face Moisturizer
1889,Eau De Parfum
1892,Eye Shadow
1893,Eau De Parfum
1896,Liquid Lipstick
1899,Highlighter
1900,Perfume
1901,Body Lotion
1903,Lipstick
1904,Eyeshadow Palette
1906,Sheet Mask
1907,"Bubble Bath, Body Wash, Body Lotion, Candle, Bath Salt, Hand Cream & Bathing Bar"
1909,Face Primer
1912,Blush
1913,Body Scrub
1914,Hair Oil
1915,Toner
1916,Hair Serum
1917,Body Mist
1918,Highlighter
1923,Conceal Contour + Highlighter Stick
1924,Eau De Parfum
1925,Shower Gel
1926,Lip Balm
1927,Face Moisturizer
1929,Body Exfoliating Gel
1930,Toner
1933,Eau De Parfum
1934,Body Lotion
1935,Hair Serum
1938,Body Lotion
1940,Lip Mask
1941,Eau De Parfum
1942,Blush
1943,Lip Balm
1945,Body Lotion
1952,Conditioner
1953,Sheet Mask
1954,Face Primer
1955,Conditioner
1956,Sheet Mask
1957,Blush
1958,Lipstick
1960,Shampoo
1962,Hair Serum
1964,Hand Cream
1966,Body Scrub
1968,Eau De Parfum
1970,Nail Polish
1971,Lip Tint
1972,Eau De Toilette
1973,Blush
1975,Blush Brush
1976,Hair Oil
1978,Body Scrub
1979,Hair Mask
1980,Beard Oil
1982,Face Serum
1983,Face Concealer
1985,Body Spray
1986,Face Wash
1988,Eyeshadow Palette
1989,Shampoo
1992,Capsule Ampoule
1993,Nail Polish
1994,Setting Spray
1995,Sheet Mask
1997,Hair Serum
1998,Eau De Parfum
1999,Face Serum
2001,"Mascara, Fixing Tint, Lip Tint & Pouch"
2003,Eau De Toilette Perfume
2008,Conditioner
2010,Body Wash
2013,Body Wash
2015,Blush
2018,Foundation
2019,Face Mask
2020,Liquid Lipstick
2022,Nail Polish
2023,Cream
2024,Hair Serum
2025,Body Oil
2026,Face Brush
2027,Hair Mask
2029,Shampoo
2030,Conditioner
2033,Face Sunscreen
2034,Hair Serum
2036,Hair Serum
2037,Blush
2038,Shampoo
2039,Hair Serum
2041,Eye Gel Patch
2042,Hair Mask
2043,Makeup Brush
2045,Eyeshadow Palette
2046,Body Scrub
2047,Nail Polish
2048,Eau De Parfum
2049,Eyeliner
2052,Blush
2054,Shower Gel & Loofah
2056,Shower Gel
2058,Hair Spray
2059,Shampoo
2061,Mascara
2062,Nail Polish
2067,Deodorant
2068,Concealer
2071,Body Lotion
2073,Shampoo
2074,Hair Oil
2075,Mascara
2076,Blush
2077,Sheet Mask
2078,Face Serum
2079,Shampoo
2082,Eyeliner
2084,Shower Gel
2086,Blush
2089,Shampoo
2091,Hair Cream
2092,Buffing Brush
2094,Nail Polish
2096,Face Serum
2097,Body Oil
2098,Eau De Parfum
2100,Toner
2102,Face Primer
2107,Face Moisturiser
2108,Lipstick
2110,Face Serum
2111,Eau De Parfum
2112,Eyeliner
2115,Eau De Parfum
2118,Body Lotion
2121,Hair Serum
2124,Eau De Toilette
2126,Conditioner
2128,Lipstick
2129,Eau De Toilette
2130,Foundation
2131,Beard Colour Cream
2133,Makeup Brush
2135,Cotton Puff
2137,Eyeshadow Palette
2138,Loose Powder
2139,Nail Polish
2140,Liquid Lipstick
2141,Face Serum
2143,Eyeshadow Palette
2144,Face Serum
2145,Nail Polish
2146,Deodorant
2148,Nail Polish Remover
2149,Face Sunscreen
2154,Lip Balm
2155,Lipstick
2156,Sheet Mask
2157,Highlighter
2158,Body Mist
2159,Face Moisturizer
2162,Eau De Parfum
2163,Body Scrub
2164,"Body Wash, Body Mist & Body Oil"
2165,Razor Cartridge
2166,Kajal
2167,Face Wash
2168,Hair Serum
2169,Face Brush
2171,Eye Shadow
2173,Perfume
2174,Toner
2175,Body Wash
2176,Body Sunscreen
2181,Face Sunscreen
2183,Perfume
2185,Eyeliner
2186,Lip Tint
2187,Eau De Parfum
2188,"Body Wash, Perfume & Bag"
2191,Eau De Toilette Perfume
2193,Conditioner
2194,Eau De Parfum
2195,Body Scrub
2196,Eau De Parfum
2198,Hair Oil
2199,Toner
2200,Sunscreen
2202,Foundation
2204,Nail Polish
2205,Makeup Palette
2206,Nail Polish
2208,Body Wash
2209,Lip Gloss
2210,Eau De Parfum
2212,Compact
2213,Makeup Brush
2215,Nail Polish
2216,Face Oil
2224,Eyeshadow Palette
2226,Shampoo
2228,Body Scrub
2229,Hair Oil
2230,Nail Polish
2231,Eau De Parfum
2232,Eau De Toilette
2233,Eau De Parfum
2236,Compact Powder
2238,Hair Oil
2242,Eau De Parfum
2243,Eau De Parfum
2245,Kajal
2246,Face Sunscreen
2247,Hand Cream
2248,Face Serum
2251,Sheet Mask
2252,Sheet Mask
2253,Hand Cream
2254,Lip Gloss
2255,Body Scrub
2257,Face Moisturiser
2260,Hair Serum
2261,Lipstick
2262,Shampoo
2263,Foundation
2264,Eye Palette
2266,Body Lotion
2267,"Deo, Soap, Bath Shower Gel & After Shave Lotion"
2268,Essential Oil
2269,Bronzer
2271,Perfume
2273,Makeup Remover
2275,Nail Polish
2276,Skin Tint
2277,Deodorant
2278,Lip Tint
2282,Mist Pump
2283,Lip Tint
2285,Hair Mask
2286,Face Mask
2288,Face Moisturiser
2289,Face Moisturiser
2291,Conditioner
2292,Perfume
2293,Face Wash
2294,"Eyeshadows, Lip Butter & Lip and Cheek Tint"
2296,Shampoo
2297,Eau De Parfum
2298,Body Mist
2299,Makeup Sponge
2300,Lip Mask
2301,Lipstick
2302,Hair Serum
2304,Lipstick
2305,Lip Scrub
2307,Face Moisturiser
2310,Face Wash
2311,Hair Serum
2312,Body Scrub
2315,Hair Serum
2316,Body Lotion
2323,Foundation
2326,Blush
2327,Eau De Parfum
2328,Hair Serum
2331,Nail Polish
2332,Liquid Lipstick
2334,Foundation
2335,Makeup Sponge
2337,Sunscreen
2339,Hair Oil
2340,Face Cleanser
2342,Face Sunscreen
2349,Eyeshadow Palette
2350,Liquid Lipstick
2351,Sheet Mask
2353,Eau De Parfum
2354,Body Sunscreen
2355,Hair Serum
2357,Hair Serum
2358,Body Lotion
2359,Face Mask
2361,Lipstick
2362,Compact Powder
2368,"Crystal Wash, Pedi Wash, Pedi Micro Peel, Bubble Gum, Pedi Massage & Pedi Mask"
2369,Body Scrub
2370,Lip Gloss
2373,Beard Colour Cream
2374,Body Lotion
2375,Face Mask
2376,Lip Gloss & Lip Pencil
2377,Eyeshadow Palette
2381,Eyelash Curler
2386,Eau De Parfum & Fragrance Mist
2387,Face Primer
2388,Perfume
2390,Body Spray
2391,Hair Oil
2392,Eau De Parfum
2394,Hair Color Conditioner
2395,Face Sunscreen
2396,Sheet Mask
2397,Skin Cleanser
2398,Liquid Lipstick
2399,Face Wash
2402,Eau De Parfum
2404,Body Lotion
2407,Lip Mask
2408,Eyeshadow Palette
2410,Face Serum
2412,Eye Gel Patch
2413,Eau De Toilette
2414,Body Lotion
2415,Face Serum
2416,Beard Colour Cream
2419,Perfume
2420,Eau De Parfum
2421,Eau De Parfum
2422,Conditioner
2423,Body Lotion
2425,Hair Mask
2427,Blush
2429,Face Mask
2430,Toner
2431,D-Tan Face Pack
2432,Skin Cleanser
2437,Face Serum
2439,Nail Polish
2442,Setting Spray
2444,Lipstick
2447,Body Spray
2449,Eau De Toilette & Shower Gel
2453,Loose Powder
2454,Face Primer
2457,Eau De Toilette
2459,Face Brush
2460,Conditioner
2463,Eau De Toilette
2464,Eye Cream
2465,Body Wash
2466,Body Scrub
2467,Eau De Parfum
2469,Shower Gel
2470,Liquid Lipstick
2472,Hair Oil
2473,Eau De Parfum
2475,Eau De Toilette
2477,Lip Tint
2478,Hair Oil
2479,Perfume
2480,Face Moisturiser
2481,Body Mist
2482,Eyeshadow Palette
2483,Eau De Parfum
2485,Body Lotion
2488,Eau De Toilette
2489,Eye Gel Patch
2490,Hair Mask
2491,Face Brush
2493,Eau De Toilette
2495,Eyebrow Pencil
2496,Mascara
2497,Foundation
2498,Hair Spray
2501,Conditioner
2503,Makeup Remover
2504,Eyeshadow Palette
2507,Body Mist
2508,Nail Polish
2512,Eau De Parfum
2513,Face Sunscreen
2517,Eau De Parfum
2518,Hair Oil
2519,Perfume
2527,Nail Polish
2528,Eau De Parfum
2530,Hair Oil
2532,Lip Gloss
2533,Face Serum
2534,Makeup Brush
2535,Foundation
2536,Hair Serum
2538,Makeup Sponge
2543,Body Wash
2544,Shower Gel
2545,Sunscreen Body Lotion
2546,Eyeshadow Palette
2547,Lip Tint
2549,Strobe Cream
2550,Face Sunscreen
2551,Lipstick
2552,Nail Polish
2554,Liquid Lipstick
2555,Shampoo
2556,Eye Palette
2560,Essential Oil
2561,Hair Oil
2563,Body Wash
2566,Eye Gel Patch
2567,Serum
2568,Lipstick
2569,Eau De Parfum
2570,Shampoo
2571,Face Sunscreen
2572,Face Moisturiser
2573,Deodorant
2574,Shower Oil
2576,Parfum
2580,Shampoo
2581,Face Sunscreen
2583,Blush
2584,Shower Gel
2586,Lipstick
2589,Soap
2591,Eye Cream
2596,Eau De Parfum
2598,Body Polish
2600,Mascara
2601,Roll On
2602,Massage Oil
2604,Sheet Mask
2605,Lip Gloss
2608,Face Serum
2609,Lip Liner
2610,Eau De Parfum
2611,Face Brush
2612,Perfume
2615,Shower Gel
2616,Face Moisturiser
2618,Eau De Parfum
2619,Face Sunscreen
2621,Body Lotion
2623,Acne Spot Gel
2624,Foundation
2625,Hair Oil
2626,Hair Oil
2629,Body Lotion
2631,Body Mist
2633,Eau De Parfum
2637,Hair Color Conditioner
2638,Hair Color Creme
2639,Eye Brush
2641,Face Moisturiser
2642,Hair Mask
2645,Hair Serum
2646,Body Wash
2650,Powder Highlighter
2651,Body Groomer
2654,Highlighter
2657,Body Groomer
2661,Toner
2663,Perfume
2666,Face Moisturizer
2667,Body Lotion
2668,Perfume
2669,Face Cream
2670,Nail Polish
2674,Foundation
2675,Face Sunscreen
2676,Lip Tint
2677,Eye Shadow
2678,Face Moisturiser
2679,Shampoo
2680,Hair Serum
2682,Toner
2684,Shampoo
2687,Face Serum
2688,Eau De Toilette
2690,Eau De Parfum
2691,Nail Polish
2692,Sunscreen
2693,Nail Polish
2695,Body Wash
2696,Hair Serum
2697,Lip Balm
2698,Deodorant
2699,Massage Oil
2700,Setting Spray
2702,Body Lotion
2703,Kajal
2705,Eau De Toilette
2707,Kohl Kajal
2710,Deodorant Spray
2712,Sheet Mask
2715,Beard Oil
2716,Liquid Lipstick
2717,"Shower Gel, Body Lotion & Loofah"
2719,Lipstick
2720,Blush
2721,Eyeshadow Palette
2724,Makeup Brush
2726,Shampoo
2727,Eau De Parfum
2728,Hair Oil
2729,Face Primer
2734,Eye Palette
2735,Face Sunscreen
2736,Liquid Lipstick
2739,Face Serum
2740,Lipstick
2745,Loose Powder
2747,Face Sunscreen
2748,Liquid Lipstick
2750,Hair Serum
2751,Body Lotion
2752,Nail Polish
2753,Mascara Lash Brush
2754,Blush
2755,Hair Serum
2756,Perfume
2757,Perfume
2759,Eau De Parfum
2761,Body Scrub
2762,Face Mask
2763,Body Sunscreen Lotion
2765,Deodorant
2766,Body Lotion
2768,Face Sunscreen
2769,Deodorant
2771,Parfum
2775,Lip Tint
2776,Face Wash
2777,Eau De Toilette
2779,Nail Polish
2781,Face Sunscreen
2782,Night Cream
2783,Body Wash
2784,Makeup Brush
2786,Eau De Toilette
2789,Body Wash
2792,Hair Mask
2796,Lipstick
2798,Kajal
2800,Massage Oil
2802,Toner
2803,Conditioner
2804,Body Mist
2805,Eau De Parfum
2806,Hair Mask
2807,Face Scrub
2808,Face Mask
2814,Nail Polish
2815,Face Primer
2821,Eau De Parfum
2822,Shaving Gel
2823,Hair volume Powder
2824,Face Brush
2825,Hair Serum
2826,Nail Polish
2827,Body Mist
2828,Eau De Parfum
2830,Face Sunscreen
2832,Face Moisturiser
2834,Eau De Parfum
2835,Shampoo
2836,Nail Polish
2837,Conditioner
2839,Eau De Parfum
2840,Lipstick
2841,Essential Oil
2845,Lipstick
2848,Hair Color
2851,Blush
2853,Shampoo
2854,Liquid Lipstick
2856,Body Butter
2857,Body Wash
2859,Body Mist
2866,Face Moisturiser
2867,Hair Serum
2868,Eau De Toilette
2869,Facial Cream
2872,Body Lotion
2873,Foundation
2874,Eau De Parfum
2875,Blush
2876,Blush
2878,Shower Oil
2880,Eau De Parfum
2885,Nail Polish
2886,Perfume
2887,Eau De Toilette
2888,Eau De Parfum
2891,Shampoo
2892,Body Wash
2893,Blush
2894,Nail Polish Remover
2895,Eyeliner
2896,Deodorant
2898,Massage Oil
2899,Body Lotion
2900,Eau De Toilette
2902,Hair Serum
2905,Makeup Remover
2906,Hair Color
2908,Face Mask
2909,Color Corrector
2910,Deodorant
2911,Sleeping Face Mask
2912,Eau De Parfum & Deodorant
2913,Hair Wax
2917,Perfume
2924,Face Sunscreen
2925,Shampoo
2926,Eau De Parfum
2927,Face Sunscreen
2929,Liquid Blush
2930,Massage Oil
2931,Eau De Parfum
2936,Face Brush
2937,Hair Color Conditioner
2938,Body Lotion
2939,Face Mask
2943,Liquid Lipstick
2944,Eau De Parfum
2946,Lip Balm
2947,Highlighter Pressed Powder
2949,Scalp Serum
2950,Beard Colour Cream
2951,Blush
2953,Blush
2954,Nail Polish
2955,Body Lotion
2956,Body Lotion
2957,Makeup Remover
2959,Shampoo
2961,Nail Polish
2964,Roll On
2965,Cotton Puff
2966,Lip Gloss
2968,Cleanser
2970,Eau De Parfum
2973,Face Serum
2975,Eau De Parfum
2976,Body Lotion
2977,Face Wash
2979,Eau De Parfum
2980,Deodorant Roll On
2982,Beard Colour Cream
2983,Sheet Mask
2984,Lip Mask
2985,Hair Serum
2986,Lipstick
2988,Hair Serum
2989,Makeup Remover
2991,Eye Palette
2992,Face Mask
2994,"Face Wash, Face Scrub & Cream"
2995,Eau De Parfum
2996,Shower Gel
2997,Nail Polish
2998,Eau De Parfum
2999,Eye Palette
3000,Body Lotion
3002,Roll On
3004,Body Lotion
3006,Eau De Toilette
3010,Blush
3014,Eau De Parfum
3015,"Liquid Blush, Lip Gloss & Lip Liner"
3016,Lipstick
3017,Face Moisturizer
3020,Cleanser
3023,Lip Balm
3024,Face Wash
3027,Bronzer
3028,Lipstick
3032,Conditioner
3033,Hair Mask
3034,Serum
3035,Eau De Parfum
3037,Body Cleanser
3038,Body Wash
3039,Face Pack
3040,Face Moisturiser
3042,Eau De Toilette
3043,Body Lotion
3044,Body Wash
3047,Eau De Parfum
3048,Eyeliner
3049,Face Wash
3050,Eau De Parfum & Pen Spray
3053,Face Wash
3056,Conditioner
3059,Conditioner
3060,Nail Polish
3061,Trimmer
3062,Hair Serum
3063,Lip Mask
3064,Hair Serum
3066,Lipstick
3067,Hair Serum
3068,CC Cream
3069,Sunscreen
3070,Aloe Shave Gel
3071,Eau De Parfum
3072,Eyebrow Enhancer Pencil
3073,Eau De Parfum
3075,Shampoo
3076,Lip Balm
3077,Eye Palette
3082,Hair Serum
3084,Face Sunscreen
3086,Blush
3087,Mascara
3088,Bath Glove
3089,Face Mask
3091,Eyebrow Pencil
3097,Shower Oil
3098,Lipstick
3099,Shampoo
3102,Hair Serum
3103,Hair Serum
3104,Eyeshadow Palette
3106,Compact Powder
3107,Deodorant
3108,Shampoo
3109,Shampoo
3110,Perfume
3111,Hair Oil
3114,Face Primer
3115,Lip Liner
3116,Body Scrub
3118,Eau De Parfum
3120,Eau De Parfum
