product_id,brand
2,Prada
3,Maybelline New York
4,Treaclemoon
6,Makeup Revolution
7,Beauty of Joseon
8,Montblanc
10,Re'equil
12,SKIN COTTAGE
14,DAVIDOFF
18,Sirona
20,Ralph Lauren
21,PAC
22,Benefit Cosmetics
24,K18
25,Elizabeth Arden
28,Bioderma
29,The Derma Co
30,Palmer's
31,Vaseline
33,Cetaphil
34,Laura Mercier
35,Laneige
38,Forest Essentials
39,Narciso Rodriguez
40,Kayali
41,mCaffeine
42,Makeup Revolution
43,Plum
45,The Man Company
47,d'you
48,Cetaphil
51,Faces Canada
52,KIKO Milano
53,PIXI
54,Ajmal
55,Lakme
56,Yves Saint Laurent
57,Plum
58,Azzaro
60,Sheglam
61,The Ordinary
62,Anastasia Beverly Hills
63,The Body Shop
64,M.A.C
67,Minimalist
70,Bombae
72,Nails Our Way
73,Giorgio Armani
74,WishCare
75,Moroccanoil
76,Lancome
80,Soulflower
81,Sheglam
85,Forest Essentials
86,Moroccanoil
87,Montblanc
89,Plum
90,M.A.C
91,Bioderma
92,Calvin Klein
93,Insight Cosmetics
94,Re'equil
97,Calvin Klein
98,Foxtale
100,LoveChild Masaba
101,FENTY BEAUTY
102,Valentino
106,Plum
107,FENTY BEAUTY
108,Kayali
112,Anastasia Beverly Hills
113,Bioderma
115,Maybelline New York
120,Lakme
121,The Body Shop
123,Kimirica
125,Innisfree
129,Chambor
130,Colour Me
132,Laneige
133,Lakme
136,Lakme
137,Aravi Organic
139,Ajmal
140,Coach
142,Laneige
144,mCaffeine
147,Bella Vita
148,The Derma Co
151,Colorbar
152,Carolina Herrera
153,bareMinerals
155,Ajmal
157,Innisfree
158,KIKO Milano
159,Maybelline New York
161,Dove
162,Nuse
163,Calvin Klein
165,FAE BEAUTY
166,Lakme
168,Plum
172,Swiss Beauty
173,Kimirica
175,PAC
176,Re'equil
178,PIXI
180,Laneige
181,Boss
182,O3+
183,Estee Lauder
185,Lakme
186,M.A.C
187,Nails Our Way
190,Smashbox
191,EMBARK
192,O.P.I
193,Foxtale
194,Mercedes-Benz
195,bareMinerals
198,Laneige
199,Chopard
200,Lakme
201,Patchology
202,Treaclemoon
203,Plum
204,mCaffeine
205,Lakme
206,Valentino
207,Embryolisse
208,Sheglam
209,Dermalogica
210,M.A.C
219,Laneige
220,La Shield
221,Antonio Banderas
222,Maison Margiela
223,Schwarzkopf Professional
225,Axis-Y
226,PAC
227,Sheglam
229,The Ordinary
230,O3+
232,mCaffeine
233,Moroccanoil
234,Insight Cosmetics
236,The Body Shop
238,Patchology
239,First Aid Beauty
245,OUAI
247,Secret Temptation
248,Sheglam
249,Brillare
250,Maison Margiela
252,Beardo
253,Milk Shake
255,Mamaearth
256,Natio
259,Too Faced
261,Yves Saint Laurent
263,urban gabru
264,SKIN1004
265,OUAI
266,Smashbox
267,Anastasia Beverly Hills
268,Fixderma
269,mCaffeine
270,Re'equil
271,FENTY BEAUTY
272,bareMinerals
273,bareMinerals
274,Allies Of Skin
275,Plum
276,Foxtale
277,Bioderma
278,Kevin Murphy
279,Nuse
280,FENTY BEAUTY
281,Coach
282,The Derma Co
283,M.A.C
285,SKIN1004
286,Minimalist
287,Anastasia Beverly Hills
288,Dr. Sheth's
291,Maybelline New York
292,Nails Our Way
293,Laneige
295,Plum
297,Colorbar
299,bareMinerals
300,Huda Beauty
301,Brillare
302,The Body Shop
304,GUBB
305,Olay
306,Nails Our Way
308,Nails Our Way
311,SKIN COTTAGE
312,Makeup Revolution
314,Akind
316,Lakme
317,Swiss Beauty
318,Beardo
320,Bombay Shaving Company
321,Soulflower
322,Lancome
326,AND
327,SKIN COTTAGE
328,Nails Our Way
329,Laneige
331,Caudalie
332,Calvin Klein
333,M.A.C
334,Laneige
339,Dorall Collection
341,Laneige
342,DAVIDOFF
344,L'occitane
345,Dorall Collection
346,Dorall Collection
347,Ajmal
349,M.A.C
350,PIXI
351,Re'equil
352,Plum
355,Milk Shake
356,L'occitane
357,Max Care
358,Coach
359,LOVE beauty AND planet
361,Pilgrim
362,Jean Paul Gaultier
365,Tresemme
366,Cetaphil
368,Inde Wild
369,The Ordinary
370,La Shield
371,Cetaphil
372,Guess
374,Moroccanoil
376,ETUDE HOUSE
381,RENEE
382,Armaf
383,Foxtale
384,L'occitane
385,Laneige
387,Burberry
388,KIKO Milano
390,Maybelline New York
392,Nature Spell
394,LOVE beauty AND planet
395,Minimalist
396,SKIN COTTAGE
398,Bobbi Brown
400,Police
402,Nails Our Way
403,Treaclemoon
404,Too Faced
405,Akind
406,Police
408,Insight Cosmetics
412,Yves Saint Laurent
413,L'Oreal Paris
414,LOVE beauty AND planet
415,Kama Ayurveda
417,Salvatore Ferragamo
418,M.A.C
420,FENTY SKIN
421,Makeup Revolution
422,SKIN COTTAGE
423,Nuse
424,Foxtale
425,Nails Our Way
427,Ajmal
429,SKIN COTTAGE
430,Smashbox
431,Smashbox
432,M.A.C
433,PAC
434,Smashbox
435,Benefit Cosmetics
436,L'OREAL PROFESSIONNEL
437,L'Oreal Paris
439,Calvin Klein
440,Faces Canada
441,Paradyes
444,Maybelline New York
445,FENTY BEAUTY
446,Akind
447,The Face Shop
448,Treecell
450,Plum
451,Calvin Klein
452,Calvin Klein
453,Ajmal
456,Kevin Murphy
457,Kayali
458,M.A.C
459,David Beckham
461,The Body Shop
462,Laneige
463,O3+
464,Pears
465,Nails Our Way
466,Calvin Klein
470,Dream. Immerse. Play.
471,CLINIQUE
472,Dream. Immerse. Play.
473,Sirona
475,Kundal
478,Swiss Beauty
479,Schwarzkopf Professional
481,Faces Canada
482,Akind
485,Pilgrim
486,Cetaphil
489,Laneige
490,Mamaearth
492,Aravi Organic
493,Coach
495,Olaplex
496,Maybelline New York
497,Root Deep
501,Kylie Cosmetics
502,CLINIQUE
504,Nails Our Way
505,Smashbox
506,Nivea
507,The Ordinary
508,Beardo
512,Natio
513,Bombay Shaving Company
514,Kundal
515,Miss Claire
516,Dr. Sheth's
517,Treaclemoon
518,The Man Company
519,haruharu wonder
520,Kayali
521,K18
522,Insight Cosmetics
523,LetsShave
524,COSRX
526,Lakme
527,Smashbox
530,Insight Cosmetics
531,Dorall Collection
532,Dove
533,Huda Beauty
534,Maybelline New York
536,Nautica
537,Nivea
538,Hask
539,Plum
540,Fix My Curls
541,Caudalie
543,KIKO Milano
546,WishCare
547,Wild Stone
548,Playboy
550,Diesel
551,L'occitane
552,M.A.C
553,L'Oreal Paris
554,L'OREAL PROFESSIONNEL
555,Bioderma
556,Bronson Professional
558,Guess
559,Maybelline New York
560,Layer'r
562,Bioderma
563,PAC
564,Gucci
566,Episoft
569,Insight Cosmetics
570,I'm From
572,Fix My Curls
574,Maybelline New York
575,Kama Ayurveda
576,Rom&nd
578,M.A.C
579,COSRX
580,Ajmal
582,M.A.C
583,Forest Essentials
584,Kayali
585,Colorbar
587,AND
590,The Man Company
591,Bioderma
592,KIKO Milano
594,Smashbox
595,Lakme
597,Akind
599,Nexxus
601,FENTY BEAUTY
603,mCaffeine
604,Maison Margiela
605,Forest Essentials
606,L'occitane
607,Benefit Cosmetics
609,Bella Vita
610,Wella Professionals
611,Huda Beauty
612,PAC
614,PAC
615,Vega
617,TIRTIR
622,Philips
623,Makeup Revolution
624,Rom&nd
625,M.A.C
627,Mixsoon
628,Ajmal
629,Guess
630,Yves Saint Laurent
631,Makeup Revolution
633,Murshmallow
636,Rabanne
638,Jimmy Choo
640,Kimirica
641,FENTY BEAUTY
642,Dream. Immerse. Play.
643,FENTY SKIN
645,Treaclemoon
646,Dove
647,WishCare
648,Amazon Series
651,Nuse
652,Coach
654,bareMinerals
657,Laneige
658,Estee Lauder
661,Simple
662,M.A.C
663,Ajmal
664,Biore
667,mCaffeine
668,Boss
670,Lakme
672,Burberry
673,Nexxus
674,Sebamed
675,Pilgrim
676,L'occitane
677,SKIN1004
680,Insight Cosmetics
682,PAC
683,Burberry
684,M.A.C
685,PAC
686,Profusion Cosmetics
688,DAVIDOFF
691,Bioderma
693,Beauty of Joseon
694,Coach
698,Benefit Cosmetics
702,Wild Stone
703,Nails Our Way
704,CLINIQUE
707,M.A.C
708,PAC
710,Clarins
711,Colour Me
712,Simple
713,Lakme
716,I'm From
718,Maison Margiela
719,Diesel
720,Makeup Revolution
721,M.A.C
722,Cacharel
723,Lakme
724,Miss Claire
725,Nuse
727,Akind
728,DAVIDOFF
729,FENTY BEAUTY
730,CLINIQUE
732,THE LOVE CO.
736,Lakme
738,Nails Our Way
739,WishCare
740,Swiss Beauty
741,Nails Our Way
743,Nuse
744,Nuse
746,mCaffeine
747,L'OREAL PROFESSIONNEL
748,Gush Beauty
749,Wild Stone
752,Plum
764,Beardo
767,Swiss Beauty
768,PAC
769,Fix My Curls
771,FENTY BEAUTY
772,mCaffeine
773,Lakme
774,Tulips
775,Rom&nd
777,RENEE
779,Police
780,The Man Company
781,PAC
782,Lakme
783,Benefit Cosmetics
784,ETUDE HOUSE
785,Laneige
787,Laneige
789,Plum
790,Huda Beauty
791,Moroccanoil
792,bareMinerals
793,Ajmal
794,Sheglam
795,bareMinerals
796,ETUDE HOUSE
797,Burberry
798,Plum
800,Be Bodywise
801,PAC
802,L'occitane
803,Real Techniques
804,PAC
807,Streax Professional
808,SKIN COTTAGE
809,Nails Our Way
810,Bobbi Brown
811,mCaffeine
813,WishCare
814,Dove
815,Huda Beauty
816,LOVE beauty AND planet
817,Sheglam
820,Swiss Beauty
821,Matrix
822,Bioderma
823,The Derma Co
824,Plum
825,The Ordinary
826,Burberry
827,La Shield
828,Charmacy Milano
830,Minimalist
832,FENTY BEAUTY
833,Nails Our Way
834,bareMinerals
836,Insight Cosmetics
837,Daily Life Forever52
838,The Sass Bar
839,Nivea
843,Laneige
846,Innisfree
847,Rom&nd
848,Nails Our Way
849,Beardo
850,PAC
851,bareMinerals
852,Insight Cosmetics
853,Miss Claire
854,Anastasia Beverly Hills
855,Forest Essentials
856,Aqualogica
858,Bioderma
859,Moroccanoil
860,Bioderma
861,PAC
863,Neutrogena
864,Huda Beauty
865,Faces Canada
866,Vaseline
867,Dove
870,Too Faced
872,Aveeno
876,Nivea
878,PAC
879,Forest Essentials
880,Axis-Y
883,Ajmal
884,Ajmal
885,Philips
887,Plum
889,Plum
893,Maison Margiela
895,mCaffeine
896,Laneige
898,L'Oreal Paris
899,Smashbox
900,Calvin Klein
901,Natio
902,Insight Cosmetics
903,Beardo
904,Plum
906,Burberry
908,Charmacy Milano
909,Cetaphil
911,Laneige
912,Tabac
913,Sheglam
914,Laneige
916,Sheglam
917,Nails Our Way
918,Guy Laroche
921,Huda Beauty
922,Vaseline
923,Biolage
926,Kimirica
927,L'OREAL PROFESSIONNEL
928,Giovanni
929,mCaffeine
932,Real Techniques
934,The Man Company
936,Swiss Beauty
937,Streax Professional
939,Nails Our Way
940,Rom&nd
941,Laneige
942,Bioderma
943,s.Oliver
944,Foxtale
945,Nails Our Way
947,FENTY BEAUTY
948,ClayCo.
949,SP
950,Beardo
955,Pilgrim
956,Ajmal
957,3TENX
959,FENTY BEAUTY
960,Cetaphil
961,Prada
962,KIKO Milano
964,Colorbar
965,Laneige
967,Sheglam
970,Fix My Curls
972,Klairs
974,Cetaphil
976,Bioderma
978,David Beckham
979,PAC
982,Calvin Klein
984,PAC
986,Natio
988,KIKO Milano
989,Huda Beauty
990,CLINIQUE
991,Maybelline New York
993,PAC
995,Huda Beauty
996,Insight Cosmetics
997,Real Techniques
998,PAC
1000,Gucci
1003,Treaclemoon
1004,ETUDE HOUSE
1005,RENEE
1006,Bobbi Brown
1007,Treaclemoon
1008,Laneige
1009,Innisfree
1010,Sebamed
1011,Insight Cosmetics
1013,Embryolisse
1015,Giorgio Armani
1017,Nuse
1019,Brillare
1021,bareMinerals
1022,L'occitane
1023,Nails Our Way
1025,M.A.C
1026,Pilgrim
1028,Cetaphil
1029,Maybelline New York
1030,Dove
1033,Be Bodywise
1034,M.A.C
1035,ClayCo.
1040,M.A.C
1041,SKIN1004
1042,Pilgrim
1044,Aqualogica
1045,Nuse
1047,Sheglam
1048,Lakme
1050,RENEE
1051,EDW Essenza
1052,SKIN1004
1053,Tresemme
1054,COSRX
1058,Lakme
1060,Max Care
1062,KIRO
1066,Akind
1067,Beardo
1068,Rom&nd
1069,Ramsons
1071,Bioderma
1073,Schwarzkopf Professional
1074,Gucci
1075,Calvin Klein
1076,Milk Shake
1077,Park Avenue
1078,Soulflower
1079,Huda Beauty
1080,Maybelline New York
1082,Cetaphil
1083,Simply Nam
1084,Calvin Klein
1086,Dr. Sheth's
1087,Faces Canada
1088,Lador
1089,First Aid Beauty
1090,Fixderma
1091,Police
1092,Azzaro
1094,The Derma Co
1095,L'OREAL PROFESSIONNEL
1097,Foxtale
1098,Maison Margiela
1099,Dr. Sheth's
1101,Plum
1103,Benefit Cosmetics
1106,FENTY BEAUTY
1108,Kayali
1109,Plum
1110,Burberry
1112,Akind
1113,GK Hair
1114,Minimalist
1115,PAC
1116,Tulips
1119,Beauty of Joseon
1120,Dermalogica
1121,Huda Beauty
1122,L'Oreal Paris
1123,Clarins
1124,L'Oreal Paris
1125,Cacharel
1126,Akind
1130,Diesel
1133,SKIN1004
1135,Adidas
1136,Calvin Klein
1137,Beauty of Joseon
1139,Evaflor
1140,Re'equil
1142,Puraveda
1143,Faces Canada
1144,The Body Shop
1146,Re'equil
1147,mCaffeine
1148,Bombae
1149,Lakme
1150,Makeup Revolution
1152,WishCare
1153,Bronson Professional
1154,PAC
1159,Maybelline New York
1161,Sheglam
1162,SKIN COTTAGE
1163,Aqualogica
1164,mCaffeine
1166,Plum
1170,SKIN COTTAGE
1171,Jimmy Choo
1172,The Derma Co
1173,Bioderma
1175,Faces Canada
1176,Plum
1177,M.A.C
1179,Forest Essentials
1180,Bioderma
1181,FENTY BEAUTY
1182,SKIN1004
1183,Nails Our Way
1184,Plum
1185,K18
1186,WishCare
1187,Forest Essentials
1189,Sheglam
1191,Calvin Klein
1194,Giorgio Armani
1196,FENTY SKIN
1198,Ajmal
1200,Minimalist
1204,EDW Essenza
1205,Benefit Cosmetics
1206,Dermalogica
1207,Treaclemoon
1208,Faces Canada
1209,brwn. pro-melanin care
1211,Sheglam
1213,Yardley London
1214,Sheglam
1215,Ajmal
1217,L'Oreal Paris
1219,Maybelline New York
1220,Lakme
1223,Beauty of Joseon
1227,M.A.C
1228,Klairs
1229,Bioderma
1231,PAC
1234,Treaclemoon
1236,M.A.C
1238,RENEE
1240,Lakme
1241,The Ordinary
1242,Burberry
1243,RENEE
1244,Calvin Klein
1245,Akind
1247,Burberry
1248,Laneige
1249,Soulflower
1254,Akind
1256,FENTY SKIN
1257,M.A.C
1258,Prada
1261,Hugo Boss
1262,La Shield
1263,Faces Canada
1264,Benefit Cosmetics
1265,Fixderma
1266,Moroccanoil
1268,Bobbi Brown
1269,Daily Life Forever52
1271,Caudalie
1272,Calvin Klein
1273,Treaclemoon
1275,Rom&nd
1276,Cetaphil
1277,Aqualogica
1279,KIRO
1280,M.A.C
1281,Benefit Cosmetics
1282,Vaseline
1283,KIKO Milano
1285,Layer'r
1288,Swiss Beauty
1289,Police
1292,Nuse
1296,Nuse
1297,The Face Shop
1298,Plum
1302,Azzaro
1303,Nuse
1304,Huda Beauty
1306,Ajmal
1307,Re'equil
1308,Sheglam
1309,Schwarzkopf Professional
1311,Dove
1313,Ajmal
1315,Aqualogica
1316,Benefit Cosmetics
1317,PAC
1318,Swiss Beauty
1323,mCaffeine
1325,The Body Shop
1326,FENTY SKIN
1328,Beauty of Joseon
1329,Nuse
1333,Majestique
1334,FCL
1336,Adidas
1337,M.A.C
1340,Nails Our Way
1344,Colorbar
1345,Burberry
1346,Yves Saint Laurent
1348,LOVE beauty AND planet
1353,The Face Shop
1355,Be Bodywise
1356,Nuse
1357,Nivea
1360,Maison Margiela
1361,Lakme
1362,Aqualogica
1363,SP
1367,KIRO
1368,Nails Our Way
1369,Huda Beauty
1371,Plum
1372,Plum
1373,Sheglam
1374,bareMinerals
1375,Innisfree
1376,Moroccanoil
1377,Burberry
1378,Lakme
1379,Akind
1380,Lancome
1381,Plum
1382,COSRX
1383,Plum
1386,Pilgrim
1387,M.A.C
1388,Plum
1390,PAC
1394,Lakme
1396,Dove
1397,bareMinerals
1398,Deconstruct
1399,Prada
1401,mCaffeine
1402,Rom&nd
1405,Giorgio Armani
1406,Forest Essentials
1407,mCaffeine
1408,Plum
1410,KIKO Milano
1412,Maybelline New York
1415,Lakme
1418,SKIN COTTAGE
1419,Bioderma
1420,L'occitane
1421,PAC
1425,M.A.C
1426,Dermalogica
1427,Ralph Lauren
1428,Beardo
1430,Olaplex
1432,Huda Beauty
1433,Insight Cosmetics
1435,Nails Our Way
1437,RENEE
1438,Fixderma Cosmetic Laboratories
1440,Plum
1441,Kama Ayurveda
1444,Re'equil
1446,Kimirica
1448,Schwarzkopf
1450,FENTY BEAUTY
1451,SKIN COTTAGE
1452,Patchology
1453,Rom&nd
1454,Laura Mercier
1455,Swiss Beauty
1456,GUBB
1458,RENEE
1460,THE LOVE CO.
1461,Beauty of Joseon
1464,Dr. Sheth's
1468,Maybelline New York
1469,Natio
1471,mCaffeine
1473,Nautica
1476,Calvin Klein
1477,LOVE beauty AND planet
1479,FAE BEAUTY
1482,RENEE
1483,DAVIDOFF
1485,Chopard
1486,Burberry
1487,Police
1489,Armaf
1490,Burberry
1491,Sebamed
1492,Be Bodywise
1494,Sheglam
1498,RENEE
1499,Maybelline New York
1501,Dove
1503,Mamaearth
1505,CLINIQUE
1510,Ajmal
1511,Plum
1512,Too Faced
1514,Max Care
1517,Brillare
1518,Ajmal
1519,Bioderma
1520,Boss
1521,Dermalogica
1522,Laneige
1524,WishCare
1525,Soulflower
1528,OUAI
1529,Fix My Curls
1532,LOVE beauty AND planet
1533,L'Oreal Paris
1534,M.A.C
1535,Valentino
1537,Insight Cosmetics
1538,PAC
1539,Streax
1540,Nuse
1541,Cetaphil
1542,Streax Professional
1545,Gillette
1546,Laneige
1547,mCaffeine
1548,Kayali
1549,Huda Beauty
1553,L'Oreal Paris
1554,Colorbar
1555,ETUDE HOUSE
1557,Insight Cosmetics
1558,Police
1559,Sheglam
1560,Nails Our Way
1563,Colour Me
1564,Colour Me
1565,Ajmal
1566,Lancome
1567,Anastasia Beverly Hills
1569,AND
1570,Huda Beauty
1572,M.A.C
1573,The Face Shop
1575,Maybelline New York
1578,Dr. Sheth's
1579,Plum
1586,Bombay Shaving Company
1588,Nivea
1590,Swiss Beauty
1591,Akind
1592,M.A.C
1593,Dream. Immerse. Play.
1594,Natio
1596,Anastasia Beverly Hills
1597,ClayCo.
1598,Nails Our Way
1600,Nails Our Way
1603,PAC
1604,Bioderma
1605,Rom&nd
1607,Jimmy Choo
1608,Dorall Collection
1609,Dream. Immerse. Play.
1611,M.A.C
1612,M.A.C
1615,Minimalist
1618,Diesel
1619,COSRX
1620,Dove
1621,AND
1623,Lakme
1627,Too Faced
1629,Schwarzkopf Professional
1630,M.A.C
1632,WishCare
1638,Bobbi Brown
1640,Real Techniques
1641,ClayCo.
1644,Insight Cosmetics
1646,Nivea
1647,The Body Shop
1648,Laneige
1651,WishCare
1652,Treecell
1654,Jean Paul Gaultier
1656,FENTY BEAUTY
1660,L'Oreal Paris
1661,Bronson Professional
1665,Bioderma
1667,Carolina Herrera
1668,M.A.C
1669,bareMinerals
1673,Tangle Teezer
1675,Calvin Klein
1678,Sulwhasoo
1681,COSRX
1683,Minimalist
1685,Dove
1686,COSRX
1689,bareMinerals
1694,Jo Malone London
1695,I'm From
1697,Smashbox
1698,Sachajuan
1699,Kama Ayurveda
1700,Nautica
1702,Jean Paul Gaultier
1705,mCaffeine
1707,Maybelline New York
1708,Lakme
1712,Nails Our Way
1713,Laneige
1714,Patchology
1715,Pilgrim
1716,CLINIQUE
1717,Minimalist
1718,AND
1720,Salvatore Ferragamo
1721,Sachajuan
1722,PIXI
1724,CR7 Cristiano Ronaldo
1725,Giorgio Armani
1726,LOVE beauty AND planet
1727,Wild Stone
1729,Neutrogena
1731,Anastasia Beverly Hills
1732,Colour Me
1733,bareMinerals
1734,Moroccanoil
1735,Too Faced
1737,Bronson Professional
1739,Wild Stone
1742,Huda Beauty
1743,Deconstruct
1744,Treecell
1745,Milk Shake
1747,The Face Shop
1748,SKIN1004
1749,Aqualogica
1750,Plum
1751,Plum
1752,Brillare
1753,Insight Cosmetics
1754,Lakme
1755,Nuse
1756,Maybelline New York
1757,KIRO
1758,ClayCo.
1759,Laura Mercier
1761,Be Bodywise
1762,INGLOT
1763,Brillare
1764,Maybelline New York
1765,Makeup Revolution
1766,Plum
1767,Jean Paul Gaultier
1769,Nails Our Way
1770,Beauty of Joseon
1772,Beauty of Joseon
1773,Plum
1774,Re'equil
1777,PAC
1780,Minimalist
1781,Beardo
1782,Natio
1783,Foxtale
1784,Burberry
1787,Calvin Klein
1788,Too Faced
1790,Ramsons
1792,Lakme
1796,mCaffeine
1799,Jimmy Choo
1800,SUGAR Cosmetics
1804,Boss
1805,Shiseido
1806,Laura Mercier
1807,Beardo
1808,Dove
1811,mCaffeine
1812,Huda Beauty
1815,Swiss Beauty
1816,Minimalist
1818,Rom&nd
1819,Aveeno
1820,M.A.C
1822,The Body Shop
1824,KIKO Milano
1828,Akind
1829,FENTY BEAUTY
1830,Nails Our Way
1831,Beardo
1833,Police
1834,Minimalist
1835,Minimalist
1836,Huda Beauty
1837,Treaclemoon
1842,Burberry
1843,Lakme
1844,David Beckham
1846,PAC
1850,PAC
1852,L'Oreal Paris
1853,Rom&nd
1854,Nuse
1859,Diesel
1860,OUAI
1864,PAC
1866,Neutrogena
1869,Maybelline New York
1870,Engage
1872,Prada
1873,Minimalist
1874,Swiss Beauty
1875,Police
1878,Yardley London
1879,FENTY BEAUTY
1881,The Face Shop
1882,Caudalie
1883,Beardo
1885,Nautica
1888,The Derma Co
1889,Boss
1891,Bigen
1892,Profusion Cosmetics
1893,Kayali
1896,Smashbox
1899,Bobbi Brown
1900,Calvin Klein
1901,mCaffeine
1903,Chambor
1904,Anastasia Beverly Hills
1906,Patchology
1907,Kimirica
1909,Sheglam
1912,Nuse
1913,SKIN COTTAGE
1914,Soulflower
1915,TIRTIR
1916,L'Oreal Paris
1917,Plum
1918,Anastasia Beverly Hills
1923,Insight Cosmetics
1924,Kayali
1925,Plum
1926,Laneige
1927,Dermalogica
1929,The Face Shop
1930,TIRTIR
1932,bareMinerals
1933,Coach
1935,Olaplex
1936,Bigen
1938,Dr. Sheth's
1939,Be Bodywise
1940,Laneige
1941,Ajmal
1942,PAC
1943,WishCare
1945,LOVE beauty AND planet
1951,bareMinerals
1952,Olaplex
1953,Patchology
1954,Insight Cosmetics
1956,Lakme
1957,Nuse
1958,Estee Lauder
1960,Sebamed
1962,Kundal
1964,Plum
1966,L'occitane
1968,Secret Temptation
1969,bareMinerals
1970,Nails Our Way
1971,Nuse
1972,Jaguar
1973,Huda Beauty
1975,Real Techniques
1976,Kama Ayurveda
1978,Dream. Immerse. Play.
1979,Pilgrim
1980,Gatsby
1981,RENEE
1982,The Derma Co
1983,PAC
1985,Nautica
1986,CLINIQUE
1988,Makeup Revolution
1989,BBlunt
1992,SKIN1004
1993,KIKO Milano
1994,Huda Beauty
1995,Augustinus Bader
1996,Laneige
1997,Milk Shake
1998,Yves Saint Laurent
1999,Plum
2000,Treaclemoon
2001,ETUDE HOUSE
2002,OGX
2003,Gucci
2010,Plum
2011,bareMinerals
2013,Kimirica
2015,Sheglam
2018,Makeup Revolution
2019,Laneige
2020,Lakme
2022,Lakme
2023,Laneige
2024,Barcode Professional
2025,Forest Essentials
2026,PAC
2027,Pilgrim
2029,OGX
2030,Pilgrim
2032,Lakme
2033,Vaseline
2034,Tresemme
2037,Nuse
2038,Moroccanoil
2039,GK Hair
2041,Patchology
2042,Pilgrim
2043,Real Techniques
2045,PAC
2046,mCaffeine
2047,Insight Cosmetics
2048,Chloe
2049,KIKO Milano
2052,Nuse
2054,The Body Shop
2058,BBlunt
2059,LOVE beauty AND planet
2061,RENEE
2062,Lakme
2067,Ajmal
2068,L.A. Girl
2069,bareMinerals
2070,Sachajuan
2071,Nivea
2073,OGX
2074,Inde Wild
2075,Maybelline New York
2076,Bobbi Brown
2077,O3+
2078,Laneige
2079,Bioderma
2082,Miss Claire
2083,Plum
2084,The Body Shop
2086,L'Oreal Paris
2089,L'Oreal Paris
2091,L'Oreal Paris
2092,PAC
2094,Nails Our Way
2096,Plum
2097,Augustinus Bader
2098,Viktor & Rolf
2100,The Face Shop
2102,Charmacy Milano
2103,M.A.C
2107,Laneige
2108,M.A.C
2110,Axis-Y
2111,LA' French
2112,L'Oreal Paris
2115,Plum
2121,Minimalist
2124,Calvin Klein
2126,OGX
2128,M.A.C
2129,Calvin Klein
2130,Smashbox
2131,Bigen
2133,PAC
2135,PAC
2137,Insight Cosmetics
2138,PAC
2139,Nails Our Way
2140,M.A.C
2141,Laneige
2143,Huda Beauty
2145,Nails Our Way
2146,Nivea
2147,bareMinerals
2148,RENEE
2149,Episoft
2153,Bella Vita
2154,Laneige
2155,CLINIQUE
2157,M.A.C
2158,Plum
2159,CLINIQUE
2161,Jo Malone London
2162,Calvin Klein
2163,Tree Hut
2164,Plum
2165,Gillette
2166,M.A.C
2167,Neutrogena
2168,Streax
2169,PAC
2173,Burberry
2174,Re'equil
2175,mCaffeine
2176,SKIN1004
2180,bareMinerals
2181,Dr. Sheth's
2182,Sachajuan
2183,Jo Malone London
2185,L.A. Girl
2186,Maybelline New York
2187,Chloe
2188,Messi
2191,Issey Miyake
2193,Pilgrim
2194,Kayali
2195,First Aid Beauty
2196,Bentley
2198,Brillare
2199,Beauty of Joseon
2200,FENTY SKIN
2202,Lamel
2204,Lakme
2205,Swiss Beauty
2206,Lakme
2208,mCaffeine
2209,Rom&nd
2212,Lakme
2213,PAC
2215,Lakme
2216,Natio
2218,Tree Hut
2221,bareMinerals
2224,Rom&nd
2226,L'Oreal Paris
2227,Kimirica
2228,The Body Shop
2229,Wella Professionals
2230,Nails Our Way
2231,Colour Me
2232,Ulric De Varens
2233,Boss
2236,Lakme
2238,Beauty Garage
2241,Fixderma
2242,Ajmal
2243,Diesel
2245,Maybelline New York
2246,The Derma Co
2247,L'occitane
2248,Foxtale
2251,The Face Shop
2252,Beauty of Joseon
2253,L'occitane
2254,Maybelline New York
2255,Dream. Immerse. Play.
2256,Namyaa
2257,Laneige
2258,Huda Beauty
2261,M.A.C
2262,Olaplex
2263,M.A.C
2264,Makeup Revolution
2266,The Body Shop
2267,Tabac
2268,WishCare
2269,PIXI
2271,mCaffeine
2273,Mixsoon
2275,Neyah
2276,FENTY BEAUTY
2277,Adidas
2278,Sheglam
2282,Laneige
2283,Nuse
2285,LOVE beauty AND planet
2286,Foxtale
2288,The Face Shop
2289,Bioderma
2291,OUAI
2292,Gucci
2293,O3+
2294,RENEE
2296,Pilgrim
2297,EMBARK
2298,Plum
2299,Colorbar
2300,Laneige
2301,M.A.C
2304,SUGAR Cosmetics
2305,ClayCo.
2307,Bioderma
2310,The Face Shop
2311,LOVE beauty AND planet
2312,SKIN COTTAGE
2315,Tresemme
2316,Foxtale
2317,KIKO Milano
2319,Beauty of Joseon
2321,Lakme
2323,Akind
2326,Huda Beauty
2327,Burberry
2328,Olaplex
2331,Colorbar
2332,Maybelline New York
2334,Huda Beauty
2335,FENTY BEAUTY
2337,CLINIQUE
2339,Olaplex
2340,SKIN1004
2341,Plum
2344,Shiseido
2349,Rom&nd
2350,Bobbi Brown
2351,Innisfree
2352,Rabanne
2353,Salvatore Ferragamo
2354,Plum
2357,L'Oreal Paris
2358,Nivea
2359,Dr. Sheth's
2361,M.A.C
2362,Colorbar
2368,O3+
2369,mCaffeine
2370,Sheglam
2373,Bigen
2375,82Â°E
2376,Huda Beauty
2377,PAC
2378,OGX
2381,Beautiliss Professional
2386,AND
2387,Lakme
2388,DAVIDOFF
2390,Layer'r
2391,Forest Essentials
2392,Giorgio Armani
2394,Streax
2395,COSRX
2396,Biodance
2397,COSRX
2398,M.A.C
2399,CLINIQUE
2402,Narciso Rodriguez
2404,The Ordinary
2406,Hugo Boss
2408,L.A. Girl
2410,COSRX
2412,Patchology
2413,Reebok
2415,The Ordinary
2416,Bigen
2419,Valentino
2420,Burberry
2421,Yves Saint Laurent
2422,BBlunt
2423,Cetaphil
2427,Too Faced
2429,Benefit Cosmetics
2430,CLINIQUE
2431,O3+
2432,Episoft
2437,Natio
2439,Daily Life Forever52
2442,PAC
2444,M.A.C
2447,Layer'r
2449,Swiss Army
2451,Bella Vita
2453,Huda Beauty
2454,Benefit Cosmetics
2457,Jimmy Choo
2459,Real Techniques
2460,Olaplex
2462,Coach
2463,Maison Margiela
2464,Natio
2465,Minimalist
2466,SKIN COTTAGE
2467,Givenchy
2469,THE LOVE CO.
2470,Bobbi Brown
2472,Max Care
2473,Giorgio Armani
2475,DAVIDOFF
2477,Nuse
2478,WishCare
2479,Azzaro
2480,Re'equil
2481,Forest Essentials
2482,Europe Girl
2483,Tom Ford
2485,Vaseline
2487,Insight Cosmetics
2488,Prada
2489,Patchology
2490,Minimalist
2491,PAC
2493,Boss
2495,Swiss Beauty
2496,L'Oreal Paris
2497,TIRTIR
2498,OUAI
2500,Armaf
2501,OGX
2504,Yves Saint Laurent
2507,Plum
2508,Nails Our Way
2512,Police
2513,Re'equil
2514,Tommy Hilfiger
2515,Jean Paul Gaultier
2517,Prada
2518,SP
2519,Prada
2526,bareMinerals
2527,Swiss Beauty
2528,Gucci
2529,EDW Essenza
2530,Mamaearth
2532,Huda Beauty
2533,Beauty of Joseon
2534,Real Techniques
2535,Lakme
2536,Dove
2537,Ramsons
2538,Swiss Beauty
2541,Narciso Rodriguez
2543,Dr. Sheth's
2544,Kimirica
2545,Fixderma
2546,Daily Life Forever52
2547,Nuse
2549,Faces Canada
2550,Aqualogica
2551,L'Oreal Paris
2552,Nails Our Way
2554,M.A.C
2555,Olaplex
2556,Makeup Revolution
2560,Soulflower
2561,Kama Ayurveda
2563,Dove
2566,Patchology
2567,L'Oreal Paris
2568,FENTY BEAUTY
2569,DAVIDOFF
2570,OUAI
2571,Dr. Sheth's
2573,David Beckham
2574,L'occitane
2576,Giorgio Armani
2580,LOVE beauty AND planet
2581,SKIN1004
2583,M.A.C
2584,Kimirica
2586,M.A.C
2589,Sebamed
2591,Minimalist
2596,Yves Saint Laurent
2598,Murshmallow
2600,Lakme
2602,Kama Ayurveda
2605,Anastasia Beverly Hills
2608,Akind
2609,Sheglam
2610,Calvin Klein
2611,Real Techniques
2612,Giorgio Armani
2616,Beauty of Joseon
2618,Ajmal
2619,O3+
2623,FENTY SKIN
2624,Smashbox
2625,Mamaearth
2626,Moroccanoil
2629,THE LOVE CO.
2631,Forest Essentials
2633,Kayali
2637,L'Oreal Paris
2638,Garnier
2639,Real Techniques
2641,Axis-Y
2642,Dove
2645,Thriveco
2646,mCaffeine
2650,PAC
2651,Menhood
2654,Maybelline New York
2657,Bombay Shaving Company
2661,Re'equil
2663,Azzaro
2666,COSRX
2667,Aveeno
2668,Prada
2670,Nails Our Way
2671,Gucci
2674,Anastasia Beverly Hills
2675,Beauty of Joseon
2676,Nuse
2678,Bioderma
2679,L'Oreal Paris
2680,The Derma Co
2681,Carolina Herrera
2682,Laneige
2684,De Fabulous
2687,Minimalist
2688,Tommy Hilfiger
2690,Azzaro
2691,Lakme
2692,Laneige
2693,Lakme
2695,Foxtale
2696,Schwarzkopf Professional
2697,Nuse
2698,Police
2699,Forest Essentials
2700,M.A.C
2702,THE LOVE CO.
2703,Colorbar
2704,Prada
2705,Calvin Klein
2707,Plum
2710,CR7 Cristiano Ronaldo
2712,Klairs
2714,PAC
2715,Mancode
2716,Lakme
2717,Kimirica
2719,M.A.C
2720,M.A.C
2721,Daily Life Forever52
2724,Swiss Beauty
2726,Sebamed
2728,Cadiveu
2729,Smashbox
2734,Anastasia Beverly Hills
2735,Neutrogena
2736,Huda Beauty
2737,bareMinerals
2738,Conscious Chemist
2739,Akind
2740,FENTY BEAUTY
2741,Rabanne
2745,Laura Mercier
2747,The Derma Co
2748,Maybelline New York
2751,WishCare
2752,Lakme
2753,Bronson Professional
2754,Nuse
2755,The Ordinary
2756,Prada
2757,s.Oliver
2758,Coach
2759,Ajmal
2762,BiE - Beauty In Everything
2763,WishCare
2765,Ajmal
2766,Colorbar
2768,Re'equil
2769,Police
2771,Calvin Klein
2775,Nuse
2776,Mamaearth
2777,Calvin Klein
2779,Nails Our Way
2780,Sirona
2781,d'you
2783,Deconstruct
2784,Real Techniques
2786,Tommy Hilfiger
2787,THE LOVE CO.
2789,Lux
2790,Sheglam
2792,OUAI
2796,M.A.C
2798,Maybelline New York
2800,Forest Essentials
2802,Plum
2803,L'Oreal Paris
2804,Plum
2805,Maison Margiela
2806,Dove
2807,Dermalogica
2808,Beauty of Joseon
2814,KIKO Milano
2815,Swiss Beauty
2821,Colour Me
2822,Gillette
2823,Schwarzkopf Professional
2824,Ruby's Organics
2826,Nails Our Way
2827,Guess
2828,EMBARK
2830,Cetaphil
2832,Akind
2835,Pilgrim
2836,Lakme
2837,Tresemme
2839,Kayali
2840,Insight Cosmetics
2841,Soulflower
2845,M.A.C
2848,Schwarzkopf
2851,M.A.C
2853,QOD Professional
2854,Maybelline New York
2856,The Body Shop
2857,The Derma Co
2859,Forest Essentials
2862,Rabanne
2866,Laneige
2867,L'OREAL PROFESSIONNEL
2868,Maison Margiela
2869,Nuse
2872,Minimalist
2873,Lakme
2875,Maybelline New York
2876,Sheglam
2878,L'occitane
2880,AND
2885,Lakme
2886,Yves Saint Laurent
2887,Gucci
2888,Cacharel
2891,OGX
2892,Dr. Sheth's
2893,Too Faced
2894,Insight Cosmetics
2895,Makeup Revolution
2896,Police
2899,Dr. Sheth's
2900,Ulric De Varens
2902,Streax
2903,ISDIN
2905,Garnier
2906,BBlunt
2908,I'm From
2909,Huda Beauty
2910,L'occitane
2911,Laneige
2912,Ajmal
2913,Fix My Curls
2914,Huda Beauty
2917,Ralph Lauren
2919,Plum
2920,Prada
2924,Foxtale
2925,LOVE beauty AND planet
2926,Calvin Klein
2927,SKIN1004
2929,M.A.C
2930,Plum
2931,DAVIDOFF
2933,Burberry
2936,PAC
2937,L'Oreal Paris
2938,Kimirica
2939,Laneige
2940,Laneige
2943,PAC
2944,Givenchy
2946,Laneige
2947,Smashbox
2949,Dove
2951,Nuse
2953,Maybelline New York
2954,Lakme
2955,WishCare
2956,Neutrogena
2957,Garnier
2959,Sebamed
2961,Nails Our Way
2964,WishCare
2965,PAC
2966,Profusion Cosmetics
2968,Laneige
2970,Ajmal
2972,Calvin Klein
2973,COSRX
2975,Kayali
2976,Nivea
2977,The Derma Co
2979,Tom Ford
2980,Nivea
2982,Bigen
2983,The Face Shop
2985,Pilgrim
2986,Maybelline New York
2988,L'Oreal Paris
2989,L'Oreal Paris
2991,PAC
2992,Sulwhasoo
2994,The Man Company
2995,LA' French
2996,Dream. Immerse. Play.
2997,Lakme
2998,Kylie Cosmetics
2999,Insight Cosmetics
3000,Be Bodywise
3002,Minimalist
3004,Nivea
3006,Guess
3009,Calvin Klein
3010,PIXI
3014,Coach
3015,Huda Beauty
3016,Lakme
3017,Minimalist
3019,bareMinerals
3020,Cetaphil
3023,Nuse
3025,Anastasia Beverly Hills
3027,FENTY BEAUTY
3028,Chambor
3033,Schwarzkopf Professional
3034,Re'equil
3035,Chloe
3037,Bioderma
3038,Cetaphil
3039,SKIN1004
3040,Dermalogica
3042,Police
3043,Vaseline
3044,Bioderma
3046,Ustraa
3047,Giorgio Armani
3048,PAC
3049,SKIN1004
3050,Marc Jacobs
3051,Laneige
3052,Azzaro
3053,The Face Shop
3056,WishCare
3057,Plum
3060,Nails Our Way
3061,Philips
3062,It's a 10 Haircare
3063,Laneige
3064,Lador
3066,FENTY BEAUTY
3067,Thriveco
3068,Lakme
3069,Laneige
3070,CLINIQUE
3071,Ajmal
3072,Insight Cosmetics
3073,Prada
3074,Rabanne
3075,Minimalist
3076,Laneige
3077,Makeup Revolution
3082,Pilgrim
3083,Elizabeth Arden
3084,Foxtale
3086,Huda Beauty
3087,Maybelline New York
3088,mCaffeine
3089,The Derma Co
3091,ETUDE HOUSE
3097,L'occitane
3098,Yves Saint Laurent
3099,Mamaearth
3102,Inde Wild
3103,BBlunt
3104,Miss Claire
3106,Lakme
3107,Jaguar
3108,L'Oreal Paris
3109,OGX
3110,Calvin Klein
3111,Beauty Garage
3113,Coach
3114,Lakme
3115,Anastasia Beverly Hills
3116,Tree Hut
3118,Yves Saint Laurent
3120,Colour Me
